국가,국가코드(ISO 2자리 코드),수도,기후,위치,주요도시,종교,주요민족,언론,면적,면적출처,면적설명,언어,기준년도
가나,GH,"아크라(Accra, 234만명)(＇19, EIU)","열대성, 남부고온다습, 북부고온건조, 연평균 27℃",서부 아프리카 대서양의 기니만 연안,"쿠마시(Kumasi, 206만명), 타말레(Tamale, 56만명) 타코라디(Takoradi, 26만명)(＇19, EIU)","기독교(71%), 이슬람교(17.6%)","Akan, Ewe족 등","신 문 Daily Graphic(일간지), Ghanaian Times(일간지), Ghanaian Voice(주간지) TV·라디오 Ghana Broadcasting Corporation(GBC)",227540,('19) World Bank (최근 수정일 : 2020.12.16.),,"영어 공용어, 70%, Twi어 , Ewe어 ",2020
가봉,GA,"리브르빌(Libreville, 70만명)(＇15)","열대성기후, 고온다습 연평균 기온 27℃",아프리카 적도직하 대서양연안 기네만 남부,"포트장틸(Port-Gentil, 최대항), 프랑스빌(Franceville)","기독교(86%), 이슬람교, 토착종교","기독교(천주교 포함) 86%, 회교, 토착종교","신 문 L＇Union(유일일간지, 발행부수 2만5천), La relance(주간지) T V RTG 1.2(국영라디오 T.V. 방송) 라디오 RTG, Africa No.1(국제방송국)",257670,('19) World Bank (최근 수정일 : 2020.12.16.),,"불어 공용어, Fang어 ",2020
가이아나,GY,"조지타운(Georgetown, 7만명)",열대성 기후,남미대륙 동북단,"뉴암스테르담(New Amsterdam), 린덴(Linden), 스프링스랜드 (Sprinlands)","기독교 57%, 힌두교 33%, 회교 9%, 기타 1%","동인도계 39.8%, 흑인 29.2%, 혼혈 19.9%, 아메리카 인디안 10.5%","신 문 Guyana Chronicle(평일 6만부, 주말 10만부) T V GTV 등 16개 라디오 GBC(Guyana Broadcasting Corp.)",196850,('19) World Bank (최근 수정일 : 2020.12.16.),,"영어 공용어, Creole 현지 토속어",2020
감비아,GM,"반줄(Banjul, 50만명)","열대성기후(11월~5월 건기, 6월~10월 우기)","북서아프리카 대서양연안, 세네갈에 의해 둘러 싸여 있음","세레쿤타(Serrekunda), 브리카마(Brikama), 바카우(Bakau)","회교(90%), 기독교(9%) 등","Mandinka, Wolof, Fula 등",신 문 Senegambia Sun지 라디오 감비아라디오방송국,10120,('19) World Bank (최근 수정일 : 2020.12.16.),,"영어 공용어, Wolof어 ",2020
건지,GG,Saint Peter Port,"쾌적한 편, 여름철에는 춥고 겨울철에는 온화",프랑스 북서쪽 영국 채널제도,,,"영국인, 노르만-프랑스 후손 및 기타 유럽인",,78,,,,2020
과들루프,GP,Basse-Terre,"열대성무역풍, 강우",서인도제도의 Leeward 제도,,,"주로 아프리카계, 유럽계, 카리브인디안",,1628,,Basse-Terre와 Grande-Terre로 구성,,2020
과테말라,GT,"과테말라시티(Guatemala City, 250만명)","해안은 열대기후(25~30℃), 고지는 온대기후(16~20℃)",중미,"믹스코(Mixco), 비야누에바(Villa Nueva), 치나우틀라(Chinautla), 아마티틀란(Amatitlan)","가톨릭(47%), 개신교(40%)","메스티소(56%), 원주민(41.7%), 기타(1.8%)","신 문 Prensa Libre(10만부), El Grafico(5만부) 등 5개 T V 채널 3(국영), 7,11,13(민영) 등 7개 라디오 T.G.W.(국영), Radio Sonora(민영) 등 8개",107160,('19) World Bank (최근 수정일 : 2020.12.16.),,스페인어 ,2020
괌,GU,하갓냐(Hagatna),열대 해양성 기후(연평균 기온 26℃),,,가톨릭,"차모로인(37.3%), 필리핀인(26.3%), 백인(7.1%), 기타(29%)",,540,('19) World Bank (최근 수정일 : 2020.12.16.),,,2020
교황청,VA,바티칸(Vatican),온화,이탈리아 로마시내 북서부,,가톨릭(Roman Catholic),,신 문 로셀 바톨 로마노(약 4만부) 라디오 라디오 바티카노,0.44,,,"라틴어 공식언어, 이탈리아어 , 불어 , 영어 ",2020
그레나다,GD,"세인트 죠지스(St. George＇s, 3만5천명)",열대 해양성,동부 카브리해,구예브(Gouyave),"가톨릭(53%), 성공회(13.8%), 개신교(33.2%)","흑인(82%), 유색혼혈 (13%), 동인도계 및 유럽계(5%)",신 문 Grenada Guardian 외 6종 T V GBNTV 외 민간방송 라디오 Radio Grenada 외 음악방송 등,340,('19) World Bank (최근 수정일 : 2020.12.16.),,"영어 공용어, 파투아 프랑스 크레올",2020
그리스,GR,"아테네(Athens, 370만명)",지중해성 기후,"유럽 동남부, 발칸반도 남단","데살로니키(Thessalonoki), 파트라(Patra), 피레우스(Piraeus)","그리스정교(90%), 기독교(3%), 이슬람교(1.3%) 등",,,128900,('19) World Bank (최근 수정일 : 2020.12.16.),,그리스어 ,2020
그린란드,GL,"누크(Nuuk, 18,128명)(＇19)",,"캐나다 북동쪽, 북극해와 대서양 사이",,"덴마크 국교(루터 복음교), 이누이트 토착종교",,,410450,('19) World Bank (최근 수정일 : 2020.12.16.),,,2020
기니,GN,"코나크리(Conakry, 194만명)(＇15)","열대성기후(6~12월 우기, 1~5월 건기)",북서부아프리카 대서양연안,"칸칸(Kan Kan), 시기리(Siguiri), 라베(Labe), 킨디아(Kindia)","회교(80%), 기독교(15%), 토착종교 (5%)","Fulani(40%), Malinké(30%), Soussou(20%) 등",신 문 Horoya 라디오 라디오 코나크리,245720,('19) World Bank (최근 수정일 : 2020.12.16.),,불어 공용어,2020
기니비사우,GW,"비쏘(Bissau, 49만명)","열대성기후(12월~5월은 건기, 6월~11월 우기)","북서부아프리카 대서양연안, 기네, 세네갈, 감비아와 접경","바타파(Batafa), 가부(Gabu), 까슈(Cacheu)","토속신앙(65%), 회교(30%), 기독교(5%)","Balantes, Fulas, Manjaca 등",신 문 No Pintcha(정부 공식기관지 주3회 발행) T V 1개소(금요일만 방영) 라디오 라디오 비쏘 등 4개,28120,('19) World Bank (최근 수정일 : 2020.12.16.),,포르투갈어 공용어,2020
나미비아,NA,"빈트후크(Windhoek, 37만명, ＇18)","아열대, 사막성 건조기후","아프리카 서남부, 앙골라, 보츠와나, 남아공, 잠비아와 접경","Swakopmund, Rehoboth, Rundu, Keetmanshoop","기독교(80-90%), 토착종교(10-20%)","오밤보(49.5%), 카방고(9.2%), 헤레로(7%), 백인(6.4%), 혼혈(4.1%) 등","신 문 The Namibian(43천부), Times of Namibia(43천부) 등 방 송 Namibia Broadcasting Corporation(NAMBC)",823290,('19) World Bank (최근 수정일 : 2020.12.16.),,"영어 공식어, 3.4%, Afrikaans 공용어, 10.4%, 독일어 0.9%, Oshiwambo어 48.9%, Nama/Damara어 11%",2020
나우루,NR,야렌(Yaren),열대해양성,"호주 동북방 1,300마일 적도하단 도서국",우아보에(Uaboe),"기독교95%(개신교 2/3, 기톨릭1/3), 기타","나우루인 58%, 기타 태평양도서국인 26%, 백인 8%, 중국인8%",신 문 정부기관지 Bullentin(주간지) T V Nauru Television(NTV) 라디오 Radio Nauru,20,('19) World Bank (최근 수정일 : 2020.12.16.),,"나우루어 공식어, 영어 ",2020
나이지리아,NG,아부자(Abuja),"북부 건조, 중부 열대, 남부 적도성 기후",서부 아프리카 대서양연안 니제(Niger)강 유역,"라고스(Lagos), 에누구(Enugu), 카노(Kano), 포트하코트 (Port Harcourt), 카두나(Kaduna)","회교(50% : 북부위주), 기독교(40% : 남부위주)","Hausa(30%), Yoruba(20%), Ibo(20%) 등 250여종족","신 문 Daily Times(50만부), New Nigerian(25만부) Guardian(15만부), National Concord(20만부) 등 20여종의 일간지 T V Nigerian Television Authority(NTA) 라디오 Federal Radio Corporation of Nigeria",910770,('19) World Bank (최근 수정일 : 2020.12.16.),,"영어 공용어, 250개 토착어 ",2020
남수단,SS,주바(Juba),열대 대륙성기후,"아프리카 동북부, 수단, 에티오피아, 중앙아프리카 공화국, 우간다, 케냐 등 6개국과 접경","와우(Wau), 말라칼(Malakal)","토착신앙, 기독교","Dinka(35.8%), Nuer(15.6%), Shilluk, Azande, Bari, Kakwa, Kuku 등","신 문 The Citizen, Juba Post 등 TV․라디오 South Sudan TV(국영)",644329,,한반도 3배,"영어 , 아랍어 , 토착어 ",2020
남아프리카공화국,ZA,"프레토리아(Pretoria, 206만명)","아열대성기후, 연평균 17℃",아프리카 대륙 최남단,"Pretoria(행정수도), Cape Town(입법수도), Bloemfontein(사법수도), Johannesburg, Durban",기독교(대부분),"흑인(80.2%), 백인(8.4%), 혼혈인(8.8%), 아시아계(2.5%) (‘17 잠정, CIA)",,1213090,('19) World Bank (최근 수정일 : 2020.12.16.),"한반도의 5.5배, 남한의 12배","영어 공용어, 아프리칸스어 공용어, 줄루어 공용어, 이외 8개 언어 공용어",2020
네덜란드,NL,"암스테르담(Amsterdam, 113만)",온화다습,"유럽북서부 북해연안, 벨기에 및 독일과 접경","헤이그(The Hague, 정부소재), 로테르담(Rotterdam), 유트레히트(Utrecht)","가톨릭, 개신교 등",네덜란드족,"신 문 De Telegraaf(61만부), Algemeen Dagblad (43만부), De Volkskrant(26만부) T V NPO1, NPO2, NPO3(공영채널) 라디오 6개 공영채널",33690,('19) World Bank (최근 수정일 : 2020.12.16.),"내해수면 제외시 33,893㎢",,2020
네덜란드령 안틸레스,AN,Willemstad,따뜻하고 다습함,베네주엘라 북부 카리브해상,,,"대부분이 흑인(85%), 카리브 인디안계",,800,,,,2020
네팔,NP,"카트만두(Kathmandu) (985,000, 2016)","6-9월은 우기, 10월부터 다음해 5월까지는 건기 (1월 평균기온은 11℃, 7월 평균기온은 25℃ 정도)",서남아시아의 인도 및 중국(티벳)와 접경한 내륙국,"포카라(Pokhara), 비르건지(Birganj), 비라트나갈(Biratnagar), 네팔건즈(Nepalgani)","힌두교(81.3%), 불교(9%), 이슬람교(4.4%), 기독교(1.4%), 기타(3%)","아리안족(80%), 티벳․몽골족(17%), 기타 소수민족(3%)등","신 문 영 어 일간지 : The Rising Nepal, Kathmandu Post, Himalayan Times, Republica Daily 네팔어 일간지 : Gorkhapatra Daily, Karobar Daily, Kantipur Nepali National Daily, Nagarik Daily, Annapurna Post, Karobar Daily, Nepali Samacharpatra, Rajdhani Nepali National Daily)",143350,('19) World Bank (최근 수정일 : 2020.12.16.),"남한의 1.5배, 한반도의 2/3",네팔어 ,2020
노르웨이,NO,"오슬로(Oslo, 102만명)","남‧서해안은 온화, 내륙은 한냉",북유럽 스칸디나비아반도 북서부,"베르겐(Bergen, 27만명), 트론하임(Trondheim, 18만명)",루터 복음교,노르웨이인,"신 문 아프텐포스텐(Aftenposten, 39만) 베르덴 강(Verdens Gang, 25만부) T V 국영TV 1개(NRK) 및 민영방송 8개 라디오 국영 방송 1개(NRK), 민영방송 2개",365123,('19) World Bank (최근 수정일 : 2020.12.16.),"한반도의 1.7배, 스발바르 제도 포함",노르웨이어 ,2020
뉴 칼레도니아,NC,Nouméa,동남무역풍 영향하의 열대성기후,"남위 19ﾟ~23ﾟ, 동경 163ﾟ~168ﾟ 사이 (시드니 북동쪽 1,150㎢)",,가톨릭 및 개신교,"카낙인 약 39.1%, 유럽인 약 27.1%, 기타",,18280,('19) World Bank (최근 수정일 : 2020.12.16.),1개의 큰섬과 다수의 작은섬,,2020
뉴질랜드,NZ,"웰링턴(Wellington, 42만명) * 출처: 뉴질랜드 통계청","해양성기후(1월평균 : 20℃, 7월평균 : 11℃)",남서 태평양,"오클랜드(Auckland), 크라이스트처치(Christchurch)","개신교(35%), 가톨릭(13%)","유럽인 75%, 마오리족 16%,아시아계 12%, 폴리네시아인 7%","신 문 NZ Herald를 비롯하여 17개의 일간지와 전국적 으로 약 120여개의 지역신문 발행 T V 현지 TV방송은 4개 채널(TV 1, 2 : 국영, TV 3, C4 : 민영) 라디오 Radio New Zealand 등",263310,('19) World Bank (최근 수정일 : 2020.12.16.),한반도의 1.2배,"영어 , 마오리어 ",2020
니우에,NU,알로피(Alofi),,남위 19ﾟ 서경 169ﾟ 지점(사모아 동남방 560㎢),,"니우에기독교 67%, 가톨릭 10%, 몰몬교 10%, 개신교 3%, 기타 10%","니우에인 67%, 혼혈 13%, 유럽 및 아시아인 12%, 기타 태도국인 8%",,260,,,"영어 , 니우에어 ",2020
니제르,NE,"니아메이(Niamey, 약 109만)",고온 건조한 열대기후(연평균 기온 16°~32℃),"북위 13°와 23°, 동경 0°와 16°사이에 위치","마라디(Maradi, 9.5만명), 진더(Zinder, 13만명), 타호와(Tahoua, 6.1만명)","이슬람교(80%), 토착신앙","아우사(53.4%), 제르마-송가이(21.2%), 투아레그(11%) 등","신 문 Le Sahel(관영), Sahel Hebdomadaire(주간, 관영) T V 국영 1개 라디오 국영 1개",1266700,('19) World Bank (최근 수정일 : 2020.12.16.),한반도의 약 6배,"프랑스어 공용어, 토착어 ",2020
니카라과,NI,"마나구아(Managua, 102만명)","5~11월이 우기, 12~4월이 건기, 전국 평균 기온 24℃, 습도 85%","북으로 온두라스, 남으로는 코스타리카와 접경","마타갈파(Matagalpa), 레온(Leon), 그라나다(Granada), 치난데가 (Chinandega)","가톨릭(51.4%), 개신교(34.5%)","메스티조(69%), 백인(17%), 흑인(9%), 인디언(5%)","신 문 라 프렌사(La Prensa), 엘 누에보 디아리오(El Nuevo Diario) 등 3개사 T V 8개 채널, 라디오 45개국",120340,('19) World Bank (최근 수정일 : 2020.12.16.),한반도의 3/5배,스페인어 공용어,2020
덴마크,DK,"코펜하겐(Copenhagen, 132만명)",온화한 기후,"북유럽, 북해와 발틱해에 위치","오후스(Arhus), 오덴세(Odense), 올보르(Aalborg)","루터복음교(국교, 74.7%), 이슬람교, 가톨릭, 침례교, 유대교 등","북게르만계의 덴족(86.3%), 고트족","신 문 Berlingske Tidende Jyllands-Posten, Politiken T V DR 방송(국영), TV2 방송(국영) 라디오 Danish-Radio(국영)",41990,('19) World Bank (최근 수정일 : 2020.12.16.),"한반도의 1/5, 자치령인 그린랜드, 페로제도 제외",덴마크어 ,2020
도미니카공화국,DO,"산토도밍고(Santo Domingo, 213만명)","열대성 기후, 연평균 27℃","중부 카리브해 중앙, 쿠바 남동쪽","산티아고(Santiago), 라 로마나(La Romana), 푸에르토 프라타(Puerto Plata)","카톨릭(95%), 기타(5%)","혼혈(73%), 백인(16%), 흑인(11%)","신 문 Listin Diario, El Caribe, Hoy, El Sol, El Siglo T V 채널 2, 4(국영), 7, 9, 11, 13, 미국케이블TV 라디오 Mil, Universal, HIJB, Central",48310,('19) World Bank (최근 수정일 : 2020.12.16.),한반도의 1/4배,스페인어 ,2020
도미니카연방,DM,"로소(Roseau, 14,000명)",열대 해양성,동부 카리브해,포트마우스(Portmouth),"가톨릭(61.4%), 기독교(28.6%) 등","흑인(86.8%), 혼혈(8.9%), 카리브 인디안(2.9%), 백인(0.8%)","신 문 New Chronicle(격주간) T V 방송국 1개 라디오 AM 2개, FM 4개",750,('19) World Bank (최근 수정일 : 2020.12.16.),한반도의 1/294배,"영어 공용어, Patois 프랑스어 방언",2020
독일,DE,"베를린(Berlin, 약 359만명)","온화, 연평균 9℃",유럽 중서부,"본(Bonn), 함부르크(Hamburg), 뮌헨(München), 쾰른(Köln), 프랑크푸르트(Frankfurt)","가톨릭(28%), 개신교(25%), 이슬람교(5%), 무교 또는 기타(42%)",게르만족,,349360,('19) World Bank (최근 수정일 : 2020.12.16.),,,2020
동티모르,TL,"딜리(Dili, 약 30만 명)",열대성 몬순기후,"자카르타 동쪽 2,200㎞ 지점에 위치한 티모르섬의 동부",,"가톨릭(97.57%), 개신교(1.96%), 이슬람 등","테툼족(약 40%), 말레이족 및 파푸안족 계통, 기타 32개 종족",,14870,('19) World Bank (최근 수정일 : 2020.12.16.),약 경기도의 1.5배,"인도네시아어 인도네시아 지배의 영향으로 인도네시아어도 사용, 테툼어 , 포르투갈어 ",2020
라오스,LA,비엔티안(Vientiane),열대몬순,인도차이나 반도 중앙 내륙,"사바나켓(Savannakhet), 팍세(Pakse), 루앙프라방(Luang Prabang)","불교(69%), 토속신앙(28%), 기독교(1.5%) 등",50개 공식 민족(2018.12. 라오스 국회 채택),"신 문 Pasaxon(인민혁명당 기관지),  KPL(라오어·영어·프랑스어), Vientiane Mai,  Vientiane Times(영자지) 등  T V LNTV(국영), TV LAO, Lao star TV 등 라디오 LNR(국영)",230800,('19) World Bank (최근 수정일 : 2020.12.16.),한반도의 약 1.1배,"라오어 성조가 있으며 태국어와 유사(라오어는 6성, 태국어는 5성)",2020
라이베리아,LR,"몬로비아(Monrovia, 1.4백만명)","고온(연평균 21~28℃), 다습(연평균 강수량 3,750~4,250㎜)",중서부아프리카 대서양연안,"부케난(Buchanan), 그린빌(Greenville)","토착신앙(60%), 기독교(10%), 이슬람(15%)","토착민(95%), 미국․카리브 노예귀환자 후손(5%)","신 문 New Liberian(5,000부) Mirror(2,000부)지 등 T V ELTV 라디오 ELBS, ELWA",96320,('19) World Bank (최근 수정일 : 2020.12.16.),한반도의 1/2,"영어 공용어, 토착어 ",2020
라트비아,LV,"리가(Riga, 63만명)",해양성 및 대륙성기후,발트해 동부 연안,"다우가브필즈(Daugavpils), 리에파야(Liepaja), 쥬르말라(Jurmala)","루터교, 카톨릭교, 러시아정교","라트비아인(61.1%), 러시아인(26.2%) 등","신 문 Diemac (3.1만부), Latvijas Avize(3만부), NRA(1.3만부) T V 국영방송 2개, 민영방송 6개 라디오 국영방송 1개, 민영방송 4개",62180,('19) World Bank (최근 수정일 : 2020.12.16.),한반도의 1/3,,2020
러시아,RU,"모스크바(Moscow, 1,241만명)",대륙성 기후,북유라시아,"상트페테르부르크(Saint-Petersburg, 538만), 노보시비르스크(Novosibirsk, 164만)","러시아정교, 이슬람교, 유대교, 가톨릭교 등","러시아인(80%), 타타르인(4%), 우크라이나인(2%) 및 140여개 소수민족(8.4%)","신 문 이즈베스티아, 네자비스마야 가제타, 프라브다 등 T V 채널 1, 러시아 1, NTV 등 통신사 TASS, RIA-NOVOSTI 등",16376870,('19) World Bank (최근 수정일 : 2020.12.16.),,러시아어 ,2020
레바논,LB,베이루트(Beirut),지중해성 기후(해안지방),"중동지역, 시리아, 이스라엘 접경","트리폴리(Tripoli), 자흘레(Zahle), 시돈(Sidon), 티르(Tyre)","이슬람(54%), 기독교(40.5%), 기타(5%)","아랍족(95%), 아르메니안(4%), 기타(1%)","신 문 Al-Mustaqbal(아랍어, 2.5만부), AN-Nahar(아랍어, 4.5만부), AS-Safir(아랍어, 5만부), L＇Orient-Le Jour(불어, 2.5만부), The Daily Star(영어, 1만부) T V National News Agency, Lebanese Broadcasting, Corporation Interratronal, Télé-Liban",10230,('19) World Bank (최근 수정일 : 2020.12.16.),한반도의 1/20,"아랍어 공용어, 영어 , 불어 ",2020
레소토,LS,"마세루(Maseru, 33만명)(＇18)","연평균 15℃~35℃, 강우량 650~750㎜",남아프리카공화국내 남동부지역,"레리베(Leribe), 마페텡(Mafeteng), 베레아(Berea)","기독교(80%), 기타 토속종교",Sotho족(99.7%),"신 문 Leseling and la Lesotho(영문), The Loro(weekly)(영문) 라디오 Radio Lesotho",30360,('19) World Bank (최근 수정일 : 2020.12.16.),한반도의 1/7,"영어 공용어, Sesotho어 ",2020
레위니옹,RE,Saint-Denis,열대성 무역풍,"동아프리카, 마다가르카르섬 동쪽의 인도양",,"기독교(85%), 소수 이슬람 및 힌두교","아프리카계, 혼혈",,2512,,,,2020
루마니아,RO,"부쿠레슈티(București, 210만명)","대륙성(서부), 지중해성(남부), 연평균 기온 8℃(북부)-1 1℃(남부)","유럽 동남부 발칸반도 북부 흑해 서부 연안, 우크라이나, 몰도바, 헝가리, 세르비아, 불가리아와 인접","클루즈-나포카(Cluj-Napoca 31만), 티미쇼아라(Timişoara 30만), 콘스탄차(Constanţa, 25만), 브라쇼브(Braşov, 23만) 등","루마니아정교(86.7%), 가톨릭 (4.6%), 개신교(3.2%)","루마니아인(88.6%), 헝가리인(6.5%)",,230080,('19) World Bank (최근 수정일 : 2020.12.16.),한반도의 1.1배,,2020
룩셈부르크,LU,룩셈부르크,온화한 기후,"유럽서부, 북서부는 벨기에, 남부는 프랑스, 동부는 독일에 인접",,"가톨릭(87%), 기타(13%)","룩셈부르크인, 독일인, 프랑스인","신 문 Luxembourg Wort, Le Republicain Lorrain T V RTL 라디오 RTL",2430,('19) World Bank (최근 수정일 : 2020.12.16.),제주도의 2배,,2020
르완다,RW,"키갈리(Kigali, 105만명)(＇18)",열대성 기후,"아프리카 중부내륙, 탄자니아, 콩고민주공화국, 우간다, 부룬디와 접경","부타레(Butare), 키부이에(Kibuye), 니안자(Nyanza)","카톨릭(49.5%), 개신교(27%), 재림교(12%), 기타 기독교(4.5%), 이슬람(2%), 무교(4%), 기타(1%)","후투(84%), 투치(15%), 트와(1%)","신 문 The News Times, Rwanda Herald, Rwanda Newsline 등 T V Television Rwandaise(TVR) 라디오 Radio Rwanda",24670,('19) World Bank (최근 수정일 : 2020.12.16.),한반도의 1/10,"영어 , Kinyarwanda어 , 불어 ",2020
리비아,LY,트리폴리(Tripoli),"지중해성 기후(북부), 사막성 기후(남부)","북아프리카 중앙부, 지중해 연안","벵가지(Benghazi), 미스라타(Misurata)",이슬람교(수니파),"아랍인, 베르베르인","신 문 Libya Herald(영자), Al Watania(아랍지) 등 T V Annaba 등 다수 라디오 리비아 라디오 등",1759540,('19) World Bank (최근 수정일 : 2020.12.16.),한반도의 8배,아랍어 ,2020
리투아니아,LT,"빌니우스(Vilnius, 57.4만명)",온화한 대륙성 기후(-5~23℃),북유럽 발트해 동부 연안,"카우나스(Kaunas, 41만명), 클라이페다(Klaipeda, 20.3만명)","카톨릭교(77.2%), 러시아정교(4.1%), 개신교(0.8%)","리투아니아인(86.7%), 폴란드인(5.6%), 러시아인(4.8%)",,62642,('19) World Bank (최근 수정일 : 2020.12.16.),,,2020
리히텐슈타인,LI,"바두츠(Vaduz, 5천명)",,"유럽 중부 내륙, 스위스와 오스트리아의 접경","샤안(Schaan, 5.8천명)","가톨릭(73%), 개신교(6%), 기타","독일계(86%), 기타(14%)",,160,('19) World Bank (최근 수정일 : 2020.12.16.),,독일어 공용어,2020
마다가스카르,MG,안타나나리보(Antananarivo),"(중부 고원지대) 아열대 및 온대, (북부) 열대, (남부) 사막성 기후와 온대",인도양 도서국가(아프리카 동해안 250마일지점),"마중가(Majunga), 토아마시나(Toamasina)","토착신앙(52%), 기독교(41%), 이슬람교(7%) 등","Merina, Betsimisaraka, Betsileo족","신 문 Midi-Madagasikara, Madagascar Tribune, L＇Express, Lakroa T V Radio-Television Madagascar(RTM), Radio-Television Analamanga(RTA) 라디오 Malagasy National Radio(RNM), Radio Don Bosco 등",581800,('19) World Bank (최근 수정일 : 2020.12.16.),한반도의 2.7배,"말라가시아어 공용어, 불어 공용어",2020
마르티니크,MQ,Fort-de-France,열대성 무역풍,서인도제도,,,"아프리카계, 혼혈",,1128,,,,2020
마셜제도,MH,마주로(Majuro),열대성기후,태평양상 도서국,,"기독교 97%, 무교 2%, 기타","마셜인 92%, 혼혈인 6%, 기타 2%",,180,('19) World Bank (최근 수정일 : 2020.12.16.),30여 도서로 구성,"영어 , 마셜어 ",2020
마요트,YT,Mamoudzou,열대성,인도양 코모로의 동부해상,,,"아프리카계, 아랍계, 말라가시계(다수가 이슬람교도임)",,374,,,,2020
마이크로네시아연방,FM,팔라키르(Palikir)(폼페이섬 소재),열대성 기후,태평양상 도서국,,"기독교 95%(개신교 및 카톨릭), 토착종교 4%, 기타 1%","Chuukese 49%, Pohnpeian 24%, Kosraean 6%, Yapese 5%, Yap Outer Islands 4%, Asian 2%, Polynesian 1.5%, Others 8.5%    ",,700,('19) World Bank (최근 수정일 : 2020.12.16.),주요도서 40여개,"영어 , 8개 토착 언어 ",2020
말라위,MW,"릴롱궤(Lilongwe, 9만명)",열대성기후,"아프리카 동남부 내륙국(잠비아, 탄자니아, 모잠비크 접경)","Blantyre, Mzuzu, Zomba","기독교(85%), 이슬람교(12%)","Chewa, Yao, Chipoka, Tonga, Tumbuka 등","신 문 The Daily Times, The Nation, Malawi News 방 송 Television Malawi Malawi Broadcasting Corporation",94280,('19) World Bank (최근 수정일 : 2020.12.16.),한반도의 약 1/2,"영어 공용어, Chichewa어 ",2020
말레이시아,MY,"쿠알라룸푸르(Kuala Lumpur, 179만 명)","열대몬순, 고온다습(연중 25~34℃, 강우량 2,410㎜)",말레이반도 및 보르네오섬 북부,"페낭(Penang), 푸트라자야(Putrajaya, 행정수도)","이슬람교(국교), 불교, 힌두교 (종교의 자유를 헌법으로 보장)","말레이계(62%), 중국계(22%), 인도계(7%), 기타(1%), 외국인(8%)","신 문 Berita Harian, Utusan Malaysia, New Straits Times(영문), The Star(영문) T V 국영TV(RTM), 민영TV(TV3, NTV7 등) 라디오 국영라디오(RTM), Bernama 등",328550,('19) World Bank (최근 수정일 : 2020.12.16.),한반도의 1.5배,"말레이어 공용어, 영어 , 중국어 ",2020
말리,ML,바마코(Bamako),"열대기후(우기 6~9월, 건기 10~5월)","서북 아프리카내륙, 모리타니, 니제, 세네갈 등 7개국과 접경","시카소(Sikasso), 세구(Segou), 몹티(Mopti), 가오(Gao)","회교(90%), 토속신앙(9%)","Bambara, Peul, Voltaic, Songhai 등","신 문 L＇Essor-La Voix du Peuple, Bulletin Quotidien",1220190,('19) World Bank (최근 수정일 : 2020.12.16.),한반도의 5.6배,"불어 공용어, Bambara어 ",2020
맨 섬,IM,Douglas,"쾌적한 편, 여름철에는 춥고 겨울철에는 온화",아이리쉬해상(아일랜드 북부),,,"백인 96.5%, 아시안계 1.9%, 기타 1.5% 등 (＇11년 추정치)",,570,('19) World Bank (최근 수정일 : 2020.12.16.),,,2020
멕시코,MX,"멕시코 시티(Mexico City, 2,000만)","저지대는 고온다습, 고지대는 온난(연평균 15~18℃)","북으로 미국과 3,200㎞ 접경, 남으로 과테말라, 벨리즈와 접경","과달라하라(Guadalajara), 몬테레이(Monterrey)","카톨릭(89%), 기독교(6%), 기타(5%)","메스티조 60%, 인디언 30%, 백인 9%","신 문 El Universal(31만), Reforma(30만), La Jornada (28만), El Sol de Mexico(20만) T V 2개 공영채널, 7개 민영채널 이외에 전국 220여개 방송국 라디오 방송국 약 2,300여개",1943950,('19) World Bank (최근 수정일 : 2020.12.16.),한반도의 9배,,2020
모나코,MC,모나코(Monaco),지중해성 기후,"유럽남부, 프랑스 남단 지중해연안",,가톨릭(국교),"프랑스인(28%), 모나코인(21%), 이탈리아인(19%)",,2,('19) World Bank (최근 수정일 : 2020.12.16.),교황청에 이어 세계에서 두 번째로 작은 국가,"프랑스어 공식언어, 영어 사용언어, 이탈리아어 사용언어",2020
모로코,MA,라바트(Rabat),"북부와 중부는 지중해성, 남부는 사막성","아프리카 북서단, 지중해 남서단",카사블랑카(Casablanca),"이슬람교(수니파, 98.7%), 기독교(1.1%)","아랍인(60%), 아마지그인(36%), 기타(4%)","신 문 Le Matin du Sahara(불어, 7만부), Maroc Soir(불어, 3.5만부), L＇Opinion(불어, 3.5만부), Al-Alam(아랍어, 4.5만부) TV･라디오 Radiodiffusion Télévision Marocaine(RTM)",446300,('19) World Bank (최근 수정일 : 2020.12.16.),한반도의 3.2배,"아랍어 , 아마지그어 , 불어 상용",2020
모리셔스,MU,"포트루이스(Port Louis, 14만명)",아​열대 해양성,인도양 해상 마다가스카르 동쪽 800km,"큐어파이프(Curepipe), 로즈 힐(Rose Hill)","힌두교(52%), 카톨릭(24%),이슬람(17%), 성공회","인도계(68%), Creole족(27%), 중국계(3%), 프랑스계","신 문 Advancd, L＇Express, Le Mauricien, Le Socialiste, The Sun T V Mauritius Broadcasting Corporation",2030,('19) World Bank (최근 수정일 : 2020.12.16.),"제주도면적과 유사, 모리셔스 섬1,860㎢, (로드리게스 섬 및 부속도서)","영어 공식어, 불어 , 크레올어 , 힌두어 ",2020
모리타니아,MR,누악쇼트(Nouakchott),고온건조 사하라 사막성 기후,"아프리카북서부 대서양연안, 알제리, 말리, 세네갈 접경",키파(Kiffa) 누아디브(Nouadhibou),이슬람교(수니파) 100%,"백인계 무어(아랍-베르베르, 30%), 흑인계 무어족(40%), 흑인(30%)","신 문 Chaab(불어 및 아랍어판), 일간 Journal Official (관보) TV･라디오 Office Mauritanien de Radiodiffusion et Télévision de Mauritanie(O.R.T.M)(모리 타니방송공사)",1030700,('19) World Bank (최근 수정일 : 2020.12.16.),한반도의 4.7배,"아랍어 국어, 불어 , 아프리카어 월로프, 소닌케 등",2020
모잠비크,MZ,"Maputo(마푸토, 119만명)",열대기후 평균 27~29℃,"아프리카 동남부해안, 말라위, 짐바브웨, 탄자니아, 남아공, 잠비아, 스와질랜드와 접경","Beira, Nampula, Quelimane, Tete","개신교(32.6%), 카톨릭(27.2%), 이슬람교(18.9%), 기타(7.2%), 무교(13.9%)","Shangaan족, Chokwe족, Manyika족, Sena족, Makua족 등 기타 원주민어(99.66%), EuroAfrians(0.2%), Indians(0.08%)","신 문 Noticias, Flim de Semana 방 송 TVM Television, Radio Mozambique",786380,('19) World Bank (최근 수정일 : 2020.12.16.),,"포르투갈어 공용, 여러 노속어 ",2020
몬테네그로,ME,"포드고리챠(Podgorica, 17.7만명)(＇18)",해양성 기후,동남유럽 발칸반도중앙,,"정교(72.1%), 이슬람(19.1%), 카톨릭(3.4%), 기타(3.4%)","몬테네그로계(45%), 세르비아계(28.7%), 보스니아계(8.7%), 알바니아계(4.9%) 등",,13450,('19) World Bank (최근 수정일 : 2020.12.16.),한반도의 1/7,,2020
몬트세랫,MS,Plymouth,"열대성, 다습","서인도제도의 Leeward 제도상, 푸에르토리코 남동부",,,"흑인 88.4%, 혼혈 3.7%, 스페인 3%, 백인 2.7%, 인도 1.5% 등",,102,,,,2020
몰도바,MD,"키시나우(Chisinau, 65만명)",따뜻한 대륙성 기후,"흑해, 루마니아, 우크라이나 접경","티라스폴(Tiraspol, 16만명)",러시아정교(98%),"몰도바인(75.1%), 우크라이나인(6.6%), 러시아인(4.1%), 가가우스인 (4.6%), 기타(0.8%)",,32890,('19) World Bank (최근 수정일 : 2020.12.16.),"남북 350㎞, 동서 150㎞","몰도바어 루마니아어와 유사, 러시아어 통용",2020
몰디브,MV,"말레(Male, 17.7만명, 여의도 면적 약1/4)","열대몬순기후(연평균 27℃, 연평균 강우량 약 2,099mm)","스리랑카 서남방 1,000㎞ 인도양 해상군도",말레와 아두(Addu) 2곳이 몰디브 인구의 40% 차지,"이슬람교(Sunni 파, 국교)","싱할라(Sinhalese)계, 드라비다계, 아랍 및 아프리카계","신 문 Haveeru지, Aafathis지, T V TV Maldives, Sun TV, 라디오 Voice of Maldives, Dhivehiraajjeyge Adu",300,('19) World Bank (최근 수정일 : 2020.12.16.),"한반도의 1/700, 1,190여개 산호섬, 26개 환초지대",디베히어 인도 아리안계,2020
몰타,MT,"발레타(Valleta, 19만명)","여름평균 섭씨 22.6℃, 겨울평균 13.7℃","남지중해 시칠리섬 남쪽 93㎞, 북아프리카 연안",,가톨릭(98%),몰타인,"신 문 Daily News(12만부), Orizzont(18천부), The Times (16천부) T V (1국) Xandir Malta 라디오 (2국)",320,('19) World Bank (최근 수정일 : 2020.12.16.),제주도의 1/6,"몰타어 , 영어 ",2020
몽골,MN,"울란바타르(Ulaanbaatar, 149만명)",대륙성 한랭건조기후,중앙아시아 고원지대 북방,"다르항(Darkhan), 에르데네트(Erdenet), 초이발산(Choibalsan)","라마교(53%), 이슬람교(3%)","할흐몽골족(90%), 카자흐족(5.9%), 브리야트(2%) 등 17개 부족",,1553560,('19) World Bank (최근 수정일 : 2020.12.16.),한반도의 7.4배,할흐 몽골어 Khalkh Mongol 語,2020
미국,US,"워싱턴(Washington, D.C.)",대부분 온대,북미 내륙,"뉴욕(New York), 로스엔젤레스(Los Angeles), 시카고(Chicago), 휴스턴(Huston)","개신교(48.5%), 카톨릭(22.7%), 몰몬(1.8%), 유태교(2.1%), 이슬람(0.8%), 무교/기타(24.1%) (’17)","백인(76.5%), 흑인(13.4%), 아시아계(5.9%), 원주민(1.5%), 기타2.7%) (’19) * Hispanic : 전체 인구의 18.3%","신 문 New York Times, Washington Post, Wall Street Journal, USA Today 등 T V ABC, CBS, NBC, CNN 등 시사주간지 TIME, Newsweek, U.S. News & World Report 등 통 신 사 AP, UPI",9147420,('19) World Bank (최근 수정일 : 2020.12.16.),한반도의 45배,,2020
미얀마,MM,"네피도(Nay Pyi Taw, 행정수도, 99만 명)","열대성 몬순 기후(연평균 기온 27℃, 강우량 2,513㎜)",인도차이나 반도 서북부,"양곤(Yangon), 만달레이(Mandalay) 등","불교(88%), 기독교(6%), 이슬람(4%) 등","버마족(70%), 소수족(25%, 샨, 카렌, 카친 등), 기타(5%, 중국계, 인도계 등)","신 문 Myanma Alinn, 7 Days Daily, Daily Eleven, Mirror(이상 미얀마어), Global New Light of Myanmar, Myanmar Times(이상 영어) TV･라디오 MRTV, MRTV-4, Channel 7, MITV, City FM Radio, Mandalay FM 등",653080,('19) World Bank (최근 수정일 : 2020.12.16.),한반도의 3배,"미얀마어 공용어, 기타 소수어 ",2020
바누아투,VU,포트빌라(Port Vila),"고온다습, 열대성","남태평양, 후주 동북방",,"기독교 82.5%, 토속신앙 및 기타 17.5%","멜라네시아계 ‘Ni-Vanuatu＇ 94%, 유럽인 4%, 기타 2%","신 문 Tam Tam, Nabanga 라디오 Radio Vila",12190,('19) World Bank (최근 수정일 : 2020.12.16.),한반도의 1/15,"피진어 23%, 100여개 지방언어 71%, 영어 2%, 불어 2%",2020
바레인,BH,마나마(Manama City),"아열대 해양성 사막 기후, 6~9월간 34~35℃의 흑서",사우디 동부 및 카타르 북부 걸프만 중앙에 위치한 섬나라,"무하락(Muharraq), 리파(Riffa), 이사타운(Isa Town)","이슬람교 70%(수니파 40%, 시아파 60%), 기타 기독교 및 힌두교 등 17%",아랍족(이란계 25%),"(신 문) Gulf Daily News(영어, 4만부), Al-Ayam(아랍어, 4만부), Akhbar Al-Khaleej(아랍어, 3만부) (T V) Bahrain TV Channel 55(English), Channel 4(Arabic), Channel 58(BBC) (라디오) Radio Bahrain FM(3 Channels)",778,('19) World Bank (최근 수정일 : 2020.12.16.),"바레인 본섬 및 주변 36개 도서로 구성, 바레인 본섬은 서울시와 비슷한 크기","아랍어 , 영어 통용",2020
바베이도스,BB,"브릿지타운(Bridgetown, 10만명)",열대해양성,동부 카리브해,해스팅스(Hastings),"기독교(67%), 가톨릭(4%), 무교(17%), 기타(12%)","흑인(90%), 백인(4%), 혼혈(6%)","신 문 Barbados Advocate(1.8만부), The Nation(2.1만부) 외 3종 T V CBC(Caribbean Broadcasting Corp.) 라디오 CBC RADIO, VOICE OF BARBADOS",430,('19) World Bank (최근 수정일 : 2020.12.16.),한반도의 1/512배,"영어 , Bajan 영어기반의 크레올어",2020
바하마,BS,나소(Nassau),고온다습(연평균 25~29℃),플로리다주 하단에서 쿠바 및 아이티 북단,"프리포트(Freeport), 락사운드(Rock Sound)","카톨릭(13.5%), 기타 개신교 등","흑인 90.6%, 백인 4.7%, 기타","신문(Freeport News, The Nassau Guardian, The Tribune 외 2종), TV･라디오(ZNC Bahamas)",10010,('19) World Bank (최근 수정일 : 2020.12.16.),한반도의 1/16배,"영어 공식, 크레올어 아이티 이주자",2020
방글라데시,BD,"다카(Dhaka, 1,958만명, CIA Factbook)","열대몬순기후, 고온다습","인도, 미얀마와 접경","치타공(Chittagong), 쿨나(Khulna)","이슬람교(89%, 국교), 힌두교(10%), 기타(0.9%)",벵갈인(98%),,130170,('19) World Bank (최근 수정일 : 2020.12.16.),한반도의 2/3,"벵갈어 98.8%, 공용어",2020
버뮤다,BM,Hamilton,온화하고 쾌적함,서대서양(150여개 작은섬으로 구성),,,"흑인(53.8%), 백인(31%), 혼혈(7.5%) 및 기타(7.1%)",,54,('19) World Bank (최근 수정일 : 2020.12.16.),,,2020
베냉,BJ,"포르토노보(Porto Novo, 27만명, 공식수도), 코토누(Cotonou, 68만명, 정치경제수도)","열대성기후, 북부고온건조, 남부고온다습","서부아프리카 대서양연안, 토고, 나이지리아, 부르키나파소, 니제르 등과 접경","아보미(Abomey, 76만명), 파라코우(Parakou, 21만명)","이슬람교(28%), 카톨릭(26%), 개신교(14%), 부두교(12%), 기타종교(20%)","Fon, Adja, Yoruba 등 40여 종족",프랑스로부터 독립,112760,('19) World Bank (최근 수정일 : 2020.12.16.),한반도의 1/2,"불어 공용어, 토착어 ",2020
베네수엘라,VE,카라카스(Caracas),"열대에 속하나, 고도에 따라 다양",남미 북부,"마라카이보(Maracaibo), 마라카이(Maracay), 발렌시아(Valencia)","가톨릭(전 인구의 91%), 개신교 7%, 기타 2%","메스티조(69%), 백인(20%), 흑인(9%), 인디헤나(2%)","신 문(8개) El Universal, El Nacional, Últimas Noticias, Correo del Orinoco, 2001, Diario VEA, Tal Cual, El Nuevo País 등 TV(9개) Venevisión, VTV, TVes, Globovisión, Telesur, Televen 등 라디오(60여개) Radio Rumbos, Radio Nacional de Venezuela, Radio Caracas Radio, FM Center, Somos 93.5 FM La Romántica",882050,('19) World Bank (최근 수정일 : 2020.12.16.),한반도의 4.5배,스페인어 ,2020
베트남,VN,"하노이(Ha Noi, 752만명(＇18 베트남통계청))","북부는 아열대성, 남부는 열대몬순",인도차이나반도 동부,"호찌민(Ho Chi Minh), 하이퐁(Haiphong), 다낭(Da Nang)","불교(4.8%), 천주교(6.1%) 등",비엣족(85.3%)외 55개 소수민족,,310070,('19) World Bank (최근 수정일 : 2020.12.16.),한반도의 1.5배,베트남어 공용어,2020
벨기에,BE,"브뤼셀(Brussels, 207만명(＇19.9))",온화한 해양성 기후로 대부분 흐린 날씨,"북부는 북해와 네덜란드, 동부는 독일과 룩셈부르크, 남부는 프랑스와 인접","안트워프(Antwerp), 리에즈(Liège), 겐트(Gent), 몽스(Mons)","구교 75%, 기타 25%","화란어계(56%), 불어계(41%), 이중어계(3%)","신 문 화란어계 De Standaard, Het Laatste Nieuws 불 어 계 Le Soir, La Libre Belgique T V 화란어계 BRT 프랑스어계 RTBF 라디오 화란어계 BRT 프랑스어계 RTBF",30280,('19) World Bank (최근 수정일 : 2020.12.16.),경상도 크기,"불어 , 화란어 , 독어 , 영어 제3국과의 대외언어는 영어로 통용",2020
벨라루스,BY,"민스크(Minsk, 200만명)(＇18)",온화한 대륙성 기후,"동부유럽, 러시아, 우크라이나, 폴란드. 리투아니아, 라트비아 접경",고멜(Gomel),"러시아정교(82%), 로마가톨릭, 개신교 등","벨라루스계(83.7%), 러시아계(8.3%), 폴란드계(3.1%), 우크라이나계(1.7%)",,202988,('19) World Bank (최근 수정일 : 2020.12.16.),한반도 면적과 유사,"벨라루스어 국어, 러시아어 공용어",2020
벨리즈,BZ,"벨모판(Belmopan, 20,000명)","고온다습 아열대기후, 연평균 10~35℃, 평균강우량 1,295㎜~4,445㎜","북으로 멕시코, 서 및 남으로 과테말라, 동은 대서양",벨리즈 시티(Belize City),"가톨릭(62%), 개신교(30%), 기타(8%)","메스티소(48.7%), 크레올레(24.9%), 마야인(10.6%), 기타(9.7%)","신 문 Amandala 등 10여종 T V 5개 라디오 AM 1개, FM 16개",22810,('19) World Bank (최근 수정일 : 2020.12.16.),한반도의 1/10배,"영어 공용어, 크레올 , 스페인어 ",2020
보스니아헤르체고비나,BA,"사라예보(Sarajevo, 34만명)(＇18)",,남동유럽 발칸반도 서부,,"이슬람교(40%), 세르비아 정교(31%), 로마 가톨릭(15%), 기타","보스니아계(48%), 세르비아계(37%), 크로아티아계(14%), 기타",,51200,('19) World Bank (최근 수정일 : 2020.12.16.),한반도의 1/4,,2020
보츠와나,BW,"가보로네(Gaborone), 24만7천명","북부는 열대성, 기타지역은 온대 및 아열대, 연평균 5-38℃","아프리카 남부, 남아공, 나미비아, 짐바브웨, 잠비아와 접경","프란시스타운(Francistown), 셀레비피크웨(Selebi-Phikwe)","기독교(71%), 토착신앙(6%)","Tswana족(79%), Kalanga족(11%) 등","신 문 Botswana Daily News(일간), Agrinews(월간), Botswana Advertiser T V Association of Botswana 라디오 Radio Botswana",566730,('19) World Bank (최근 수정일 : 2020.12.16.),한반도의 2.7배,"영어 공용어, 세츠와나어 통용어",2020
볼리비아,BO,"라파스(La Paz, 행정수도, 182만명)(3,640m 고지)",지리적으로 열대에 속하나 고도에 따라 다양,남미대륙 중동부,"산타크루스(Santa Cruz), 코차밤바(Cochabamba), 수크레(Sucre, 헌법상 수도)","가톨릭(77%), 개신교(16%)","혼혈계(70%, 메스티소 및 촐로), 원주민계(20%), 백인계(5%), 흑인계(1%)","신 문 El Deber, La Razón, Página Siete 등 13개 T V Bolivia TV 등 39개 라디오 AM 200개, FM 161개, FM online 56개",1083300,('19) World Bank (최근 수정일 : 2020.12.16.),한반도의 5배,,2020
부룬디,BI,"부줌부라(Bujumbura), 95만명(＇19)",열대성 기후,"아프리카 중부내륙, 탄자니아, 콩고민주공화국, 르완다와 접경","키테가(Kitega), 은고지(Ngozi)","카톨릭(62%), 기독교(22%), 이슬람(2.5%), 재림교(2%), 기타(11.5%)","후투(85%), 투치(14%), 트와(1%)","신 문 Le Renouveau, La Nation, La Vérité, Ndongozi T V La Radiodiffusion et Television National de Burundi (RTNB) 라디오 Radio Burundi(RTNB), Radio Umiwizero(HOPE)",25680,('19) World Bank (최근 수정일 : 2020.12.16.),한국의 1/4,"불어 , Kirundi어 ",2020
부르키나파소,BF,"와가두구(Ouagadougou, 274만명)","고온건조(15-40℃), 연평균 27℃",서부아프리카 내륙국,"보보디오라쏘(Bobo-Dioulasso), 쿠두구(Koudougou)","회교(60.5%), 천주교(19%), 매니미즘(15.3%), 개신교(4.2%), 기타(1%)","Mossi(40%), 기타 종족(60%)",신 문 관영일간지 Sidways 6천부 민간일간지 Observateur 4.5천부 (＇84.6.10 방화로 정간) T V 1개국 Volta Vision 라디오 2개국 Radiodiffusion Votaique,273600,('19) World Bank (최근 수정일 : 2020.12.16.),한반도의 1.2배,"프랑스어 공용어, 토착어 ",2020
부탄,BT,"팀푸(Thimphu, 약 10만명)","4계절이 있으며, 지역에 따라 열대, 온대, 고산기후 등으로 나뉨",서남아시아의 인도 및 중국(티벳)과 접경한 내륙국,"판초링(Phuntsholing), 파로(Paro)","대승불교(라마교) 75%, 힌두교 및 기타(회교 등) 25%","보테족(티벳계) 50%, 네팔인 35%, 기타 이민족 15%","신 문 Kuensel (일간, 정부간행), Bhutan Times, Bhutan Observer (일간, ＇06.4부터 발간) T V 부탄 TV(BBS 전국 방송)",38143,('19) World Bank (최근 수정일 : 2020.12.16.),한반도의 1/5,"종카어 Dzongkha, 공식어, 영어 통용, 네팔어 통용",2020
북마리아나 군도,MP,사이판(Saipan),열대 해양성 기후(연평균 기온 25℃),,,가톨릭,"중국계 등 아시아인(50%), 태평양인(34.9%), 기타(15.1%)",,460,('19) World Bank (최근 수정일 : 2020.12.16.),,,2020
북마케도니아,MK,"스코피예(Skopje, 48만명)",,발칸반도 북부,,"마케도니아 정교(64.5%), 회교(33.3%), 기타(1%)","마케도니아계(64%), 알바니아계(25%), 터키계(4%), 집시(3%), 세르비아계(2%), 기타(2%)",,25220,('19) World Bank (최근 수정일 : 2020.12.16.),,"마케도니아어 , 알바니아어 ",2020
불가리아,BG,"소피아(Sofia, 132만명)",대륙성기후,"유럽동남부, 발칸반도의 동부","플로브디프(Plovdiv), 바르나(Varna), 루세(Ruse), 부르가스(Burgas)","불가리아 정교(83%), 이슬람교(12%)","불가리아인(84.8%), 터키인(8.8%), 집시(4.7%)",,108560,('19) World Bank (최근 수정일 : 2020.12.16.),한반도의 1/2,,2020
브라질,BR,"브라질리아(Brasília, 297만명, ＇18)","온대, 아열대, 열대 기후가 폭넓게 분포","남미대륙(에콰도르, 칠레 외 모든 남미 국가와 접경)","상파울루(São Paulo), 리우데자네이루(Rio de Janeiro), 사우바도르(Salvador), 포르탈레자(Fortaleza), 벨루오리존치 (Belo Horizonte), 마나우스(Manaus), 쿠리치바(Curitiba)","가톨릭(65%), 개신교(22%), 무교(8%), 기타 종교(5%)","백인(48%), 혼혈(43%), 흑인(8%), 아시아계 및 인디오(1%)","신 문 Folha de S. Paulo, Estado de São Paulo, O Globo, Jornal do Brasil, Correio Braziliense 등 T V Globo, SBT, TV Brandeirante, Rede TV 등 라디오 Radio Alvorada, Radio Nacional 등",8358140,('19) World Bank (최근 수정일 : 2020.12.16.),한반도의 37배,,2020
브루나이,BN,"반다르스리브가완(Bandar Seri Begawan, 6만 명)",고온다습한 열대성 기후,"보르네오섬 서북연안, 동부말레이시아 사라왁주에 의해 양분","투통(Tutong), 세리아(Seria), 쿠알라 블라이트(Kuala Belait)",이슬람교(국교) ※ 기타 종교도 인정하나 포교는 금지,"말레이계(65%), 중국계(11%), 기타(24%)","언 론 : 신 문 Borneo Bulletin(영어), Media Permata(말레이어) TV･라디오 RTB(Radio Television Brunei)",5270,('19) World Bank (최근 수정일 : 2020.12.16.),경기도의 약 1/2,"말레이어 공용어, 영어 ",2020
사모아,WS,"아피아(Apia, 3.4만명)",열대,남서태평양 호주와 하와이 중간지점,,"기독교 47%, 카톨릭 20%, 기타","사모아인 92.6%, 유럽-폴리네시아 혼혈 7%, 유럽계 0.4%","신 문 Samoa Observer, Savali(정부발행) 등 T V Samoa Quality Broadcasting 등 5개 채널 라디오 Radio 2AP 등",2830,('19) World Bank (최근 수정일 : 2020.12.16.),한반도의 1/70,"사모아어 , 영어 ",2020
사우디아라비아,SA,리야드(Riyadh),"고온건조한 대륙성기후(연평균 30~40℃, 최고 45℃)",아라비아 반도,"타이프(Taif), 젯다(Jeddah)","이슬람교(수니파 90%, 시아파 10%)","아랍족(베두윈족 27%, 기타 아랍정착민 73%)","신 문 Arab News(영자일간 5.5만부) Saudi Gazette(영자일간 5만부) Saudi Al-Jazeerah, Al-Riyadh, Okaz T V 국영 TV 제1채널(아랍어), 제2채널(영어, 불어) 라디오 제1(리야드), 제2(젯다), 제3(동부)방송",2149690,('19) World Bank (최근 수정일 : 2020.12.16.),한반도의 10배,아랍어 ,2020
사이프러스,CY,"니코시아(Nicosia, 33만명)",지중해성 기후,지중해 해상,"리마솔(Limassol), 라나카(Larnaca), 파마구스타(Famagusta)","희랍정교(90%), 로마가톨릭(3%) 등","그리스계(78%), 터키계(18%), 기타(4%)",,9240,('19) World Bank (최근 수정일 : 2020.12.16.),한반도의 1/25,,2020
사하라 아랍민주공화국(서부사하라),EH,,"해안지역은 해양성, 내륙은 사막기후","북서부 아프리카, 북부는 모로코, 동부 및 모리타니, 북동부 일부는 알제리와 접경, 서부는 대서양",,이슬람교,"아랍족, 베르베르족",,266000,,한반도 1.3배,,2020
산마리노,SM,산마리노(San Marino),지중해성 기후(연평균 16℃),"유럽남부, 이탈리아 중부내륙",,카톨릭(97%),"산마리노인, 이탈리아인",,60,('19) World Bank (최근 수정일 : 2020.12.16.),,이탈리아어 ,2020
상투메프린시페,ST,"상투메(Sâo Tomé, 7만명)","열대성 기후, 고온다습, 연평균 25℃",아프리카 중서부 기네만 대서양상 제도,"Mestizo, Angolares, Forros",카톨릭 및 기타 개신교(77%),"Forros, Angolares족 등","신 문 Revolucâo(정부기관지), Diário de República 라디오 Radio National de Sâo Tomé Principe",960,('19) World Bank (최근 수정일 : 2020.12.16.),제주도의 0.5배,"포르투갈어 , 토착어 ",2020
생피에르·미클롱,PM,Saint-Pierre,"해양성(연중 기온 5℃ 습도 80% 이상으로 겨울 -10℃~-5℃, 여름 10℃~20℃)",북서쪽 대서양,,대다수 카톨릭교,브르통 등 프랑스인,,242,,"Saint-Pierre, Miquelon, Langlade의 세 개의 섬으로 이루어짐",,2020
세네갈,SN,"다카르(Dakar, 3.5백만명)","열대성 기후, 11~4월 건기, 5~10월 하계 다습","서부아프리카(모리타니, 말리, 기니, 감비아)","까오라크(Kaolack), 셍 루이(St, Louis), 띠에스(Thies), 지겐쇼(Ziguinchor)","회교(95%), 기독교(5%)","WOLOF(44%), PEUL(23%), SERERES(15%)","신 문 Le Soleil(일간), Temoin(주간), Sopi(주간), Tribune(주간), Promotion(주간), Walfadjiri(주간), Sud Hebdo(월간) TV･라디오 R.T.S (Radio Television Senegalaise)",192530,('19) World Bank (최근 수정일 : 2020.12.16.),한반도의 0.9배,"불어 공용어, Wolof어 ",2020
세르비아,RS,"베오그라드(Beograd, 163만명)",대륙성 기후,동남유럽 발칸반도 중부,,"세르비아정교(84.6%), 카톨릭(5.5%), 이슬람(3.1%) 등","세르비아인(83.3%), 헝가리인(3.5%), 로마인(2.1%), 보스니아인(2%) 등","2003.2 신유고연방을 ＇세르비아 몬테네그로＇로 개명, 2006.5 몬테네그로 독립이 가결됨에 따라, 2006.6.5. 세르비아 공화국과 몬테네그로 공화국으로 분리",87460,('19) World Bank (최근 수정일 : 2020.12.16.),,세르비아어 ,2020
세이셸,SC,빅토리아(Victoria),"고온다습, 연평균 30.3℃","인도양 상 케냐동쪽 1,800㎞, 마다가스카르 북쪽 1,100㎞",,"카톨릭(82%), 영국성공회(6%)","유럽인, 아프리카인, 인도인, 중국인간의 혼혈족","신 문 The Seychelles Nation(3,500부) T V RTS-TV(Radio-Television Seychelles) 라디오 RTS-Radio, FEBA(기독교방송)",460,('19) World Bank (최근 수정일 : 2020.12.16.),"115개 도서, 아프리카 최소면적","영어 공용어, 불어 공용어, Creole어 공용어",2020
세인트 루시아,LC,"캐스트리스(Castries, 5만명)",열대 해양성,동부 카리브해(바베이도스에서 175㎞ 북서쪽),,"가톨릭 61.5%, 개신교 25.5%, 기타","흑인 85.3%, 혼혈 10.9%, 동인도계 2.2%, 백인 1%","신 문 The Crusader(주간) 외 3종, T V St. Lucia Television Service, 라디오 Radio Caribbean International, Radio St.Lucia",610,('19) World Bank (최근 수정일 : 2020.12.16.),한반도의 1/359배,"영어 , 파투어 불어 크레올",2020
세인트 빈센트 그레나딘,VC,"킹스타운(Kingstown, 2.5만명)",열대 해양성,"동부 카리브해, 세인트 루시아와 그레나다 사이",죠지타운(Georgetown),"개신교(75%), 카톨릭(13%), 기타(12%)","흑인(66%), 혼혈(19%), 동인도계(6%)","신 문 The Vincentian(주간) 외 4종, T V 1개, 라디오 2개",390,('19) World Bank (최근 수정일 : 2020.12.16.),"한반도의 1/569배, 세인트빈센트 섬과 32개 부속도서로 구성","영어 공용어, 파투어 프랑스 크레올",2020
세인트 키츠 네비스,KN,"바스테르(Basseterre, 15,000명)",열대 해양성 기후,동부 카리브해(푸에르토리코 360㎞ 동남쪽),찰스타운(Charlestown),"성공회, 카톨릭, 기타 개신교 등","대부분이 흑인, 소수 영국, 포르투갈, 레바논계","신 문 Democrat, The Labour Spokesman, T V ZIZ, 라디오 ZIZ Radio 외 3개",260,('19) World Bank (최근 수정일 : 2020.12.16.),"한반도의 1/844배, 세인트킷츠섬 168㎢, 네비스섬 93㎢",영어 ,2020
세인트 헬레나 섬,SH,Jamestown,열대 해양성 기후,대서양 남동부 해상,,,"흑인 50%, 백인 25%, 중국인 25%",,308,,"세인트 헬레나 122㎢, 어세션 88㎢, 트리스탄다쿠냐 184㎢",,2020
소말리아,SO,"모가디슈(Mogadishu, 2.1백만명)",고온건조,"아프리카의 뿔(Horn of Africa)에 위치, 에티오피아, 케냐, 지부티와 접경","Hargeisa, Bossasso, Gaalka＇yo, Kismayu, Laascaanood",이슬람교(수니파),"소말리아계(85%), 헴족, 기타 인도인, 아랍인, 반투인 등",,627340,('19) World Bank (최근 수정일 : 2020.12.16.),한반도의 3배,"소말리아어 공용어, 아랍어 , 이탈리아어 남부, 영어 북부",2020
솔로몬제도,SB,호니아라(Honiara),고온다습의 열대성기후,호주북방,,"개신교 76%, 가톨릭 19%, 토착신앙 및 기타 5%","멜라네시아인 93%, 폴리네시안 3%, 마이크로네시안1.2%, 기타 0.8%(중국 및 유럽계)",신 문 Solomon Star(주간지) 라디오 SIBC,27990,('19) World Bank (최근 수정일 : 2020.12.16.),한반도의 1/7,"영어 공용어이나 인구의 1-2%만 사용, 솔로몬 피진어 대부분 사용, 63여개 지방언어 ",2020
수단,SD,카르툼(Khartoum),건조한 사막 기후,"아프리카 동북부, 이집트, 남수단, 에티오피아, 차드 등 7개국과 접경","옴두르만(Omdurman), 포트수단(Port Sudan), 엘오베이드(El Obeid), 와드메다니(Wad Madani)","이슬람교(수니파, 97%), 기타(3%)","아랍계(39%), 아프리카계 흑인(30%), 누비안(15%), 베자(12%), 기타 Fur, Copts 등(4%)","신 문 SUNA(국영 통신, 아랍어, 영어), Sudan Vision(영어), The Citizen(영어), Al Sahafa(아랍어), Al Ahram(아랍어) T V SNBC 국영방송, Omdurman TV, Blue Nile TV, Ashorooq TV 라디오 SNBC 국영라디오, 다수 민영 라디오 방송",1861484,,한반도 8.6배,"아랍어 공용어, 영어 , 이외 112개 언어 ",2020
수리남,SR,"파라마리보(Paramaribo, 25만명)","아열대성 기후 21℃~30℃, 연평균 강우량 804~3,720㎜","가이아나, 브라질, 불령기아나와 접경한 남미동북부 대서양 연안","니케리(Nickerie), 알비나(Albina)","힌두교(27%), 기독교(25%), 가톨릭(23%), 이슬람(20%) 등","동인도계(37%), 크레올(31%), 자바니스(15%) 등","신 문 De Ware Tijd(3만부), De West(7,500부, ＇84.5.1 복간) T V STVS(국영) 라디오 S.R.S(국영), Radio Apintie (＇84.5.1 재개), Rapar (＇84.5.1 재개)",156000,('19) World Bank (최근 수정일 : 2020.12.16.),한반도의 약3/4배,"화란어 공용어, 영어 , 토착어 ",2020
스리랑카,LK,"콜롬보(Colombo, 약 70만명), 스리 자야와트데나푸라 코테 (행정수도)(Sri Jayewardenepura Kotte)",고온다습한 열대성기후,인도 동남부 인도양 해상,"캔디(상업수도)(Kandy), 갈레(Galle), 쟈프나(Jaffna), 트링코말리(Trincomalee), 아누라다프라(Anuradhapura)","불교(70%), 힌두교(12%), 이슬람교(9.7%), 기독교(7.4%), 기타 및 무교(0.9%)","싱할라족(75%), 타밀족(15%), 무어족(9%), 기타(1%)","신 문 Daily News(9.5만부), The Island(7.2만부), Daily Mirror(7.6만부), Divaina(18.1만부, 싱할라어), Lanka Deepa(28.5만부, 싱할라어), Veerakesari(12만부, 타밀어) T V SLRC, ITN, MTV, Swarnavahini, TNL 라디오 SLBC, Maharajah Group, TNL, ITN",62710,('19) World Bank (최근 수정일 : 2020.12.16.),한반도의 1/3,"싱할라어 , 타밀어 , 영어 ",2020
스웨덴,SE,"스톡홀름(Stockholm, 96만명)","겨울한냉, 여름온화, 연평균기온(스톡홀름) 6.6℃","북유럽, 스칸디나비아반도 동부","요테보리(Goteborg), 말뫼(Malmo)","루터교(63.2%), 가톨릭(1.2%), 이슬람교(1.4%), 무교(28.4%)","북게르만족(95%), 랩족(0.2%)","신 문 Svenska Dagbladet(15만부), Expressen(27만부), Dagens Nyheter(29만부), Aftonbladet(16만부), Dagens Industri(11만부) T V 국영 1 및 국영 2 라디오 국영 1 및 교육방송",407310,('19) World Bank (최근 수정일 : 2020.12.16.),한반도의 2.4배,스웨덴어 ,2020
스위스,CH,"베른(Bern, 13만명)",해양성･북유럽성･지중해성･대륙성 4개 기후권 교차,"유럽 중부 내륙, 북으로는 독일, 서로는 프랑스, 남으로는 이탈리아, 동으로는 오스트리아 및 리히텐슈타인과 접경","취리히(Zürich, 36만명), 제네바(Geneva, 18만명), 바젤(Basel, 17만명), 로잔(Lausanne, 12만명), 루체른(Luzern, 10만명)","가톨릭(35%), 개신교(23%), 이슬람교(5%), 기타(37%)",,,39516,('19) World Bank (최근 수정일 : 2020.12.16.),한반도의 1/5,"불어 23%, 이탈리아어 8%, 로망슈어 0.5%, 기타 5.5%, 독일어 63%",2020
스페인,ES,"마드리드(Madrid, 650만명)",여름이 덥고 겨울이 약간 추운 온대성 기후,유럽대륙 서남부 이베리아 반도상,"바르셀로나(Barcelona), 발렌시아(Valencia), 세비야(Sevilla), 사라고사(Zaragoza)",가톨릭(74% 이상),라틴족,"신 문 El Pais(26만부), El Mundo(15만부), La Vanguardia(14만부), ABC(13만부) (＇14) T V 스페인 TV(TVE) 라디오 국영라디오(R.N) Radio Cadena, Radio 3",499563,('19) World Bank (최근 수정일 : 2020.12.16.),한반도의 2.3배,"스페인어 카스티야어, 공용어, 카탈루냐어 , 바스크어 , 갈라시아어 , 아란어 이상 지역공용어",2020
슬로바키아,SK,"브라티슬라바(Bratisiava, 43만명)",대륙성기후,"유럽중동부, 체코, 폴란드, 오스트리아, 헝가리, 우크라이나와 접경","코시체(Kosice), 니트라(Nitra)","카톨릭(63%), 개신교(8.2%), 그리스정교(3.8%), 기타(12.5%), 무교(13.4%)","슬로바키아인(80.7%), 헝가리인(8.5%), 집시(2%), 기타(8.8%)",,48080,('19) World Bank (최근 수정일 : 2020.12.16.),한반도의 1/4,,2020
슬로베니아,SI,"류블랴나(Ljubljana, 28만명)",지중해성 기후,"유럽 아드리아해 북동부, 이탈리아, 오스트리아, 헝가리, 크로아티아와 접경","셀리예(Celje), 크라니(Kranj)","로마가톨릭(57.8%), 이슬람교(2.4%), 동방정교(2.3%), 무교·기타(37.5%)","슬로베니아계(83%), 세르비아계(2%), 크로아티아계(1.8%)",,20141,('19) World Bank (최근 수정일 : 2020.12.16.),한반도의 1/11,,2020
시리아,SY,다마스커스(Damascus),아열대성 사막기후,"터키, 요르단, 이라크, 이스라엘, 지중해와 인접","알레포(Aleppo), 홈즈(Homs), 하마(Hama), 라타키아(Latakia)","이슬람(87%)(순니 72%, 시아, 알라위,이스마일 13%), 기독교 (10%), 드루즈(3%)","아랍인(50%), 알라위(15%), 쿠르드인(10%), 레반트인(10%), 드루즈, 아시리안, 아르메니안 등 기타(15%)","신 문 Al-Thawrah(아랍어, 5.5만부) Al-Baath(아랍어, 5만부), Al-Jamahir(아랍어, 1만부) T V Directorate-General of Broadcasting and Television",183630,('19) World Bank (최근 수정일 : 2020.12.16.),한반도의 4/5,"아랍어 공용어, 불어 ",2020
시에라리온,SL,"프리타운(Freetown, 약 113만명)(＇18)","고온다습 열대성 기후, 건기(11~4월) 및 우기(5~10월)","서부아프리카 대서양연안, 기니 및 라이베리아와 접경","코이두(Koidu, 약 10만명), 보(Bo, 약 4.4만명), 케네마(Kenema, 약 2.1만명)","이슬람교(60%), 기독교(10%), 토착종교(30%)","Crole, Mende, Temne족등",신 문 Daily Mail TV·라디오 국영 시에라리온 방송국(SLBS),72180,('19) World Bank (최근 수정일 : 2020.12.16.),한반도의 1/3,"영어 공용어, 토착어 ",2020
싱가포르,SG,싱가포르(Singapore),고온다습한 열대성 기후,말레이반도 남단섬,해당없음(도시국가),"불교(33%), 기독교(18%), 이슬람(15%), 도교(11%), 힌두교(5%) 등","중국계(74%), 말레이계(13%),인도계(9%) 등","신 문 영어(Straits Times, Business Times 등) 중국어(Lianhe ZaoBao, Shin Min Daily News 등) 말레이어(Berita Harian, Berita Minggu) 타밀어지(Tamil Murasu) T V Channel News Asia, Channel 5, Channel U 등 라디오 Radio Corporation of Singapore 등",709,('19) World Bank (최근 수정일 : 2020.12.16.),서울시 605.5㎢,"영어 공식언어, 37%, 표준중국어 공식언어, 35%, 말레이어 공식언어, 11%, 타밀어 공식언어, 3%, 기타 언어 ",2020
아랍에미리트,AE,아부다비(Abu Dhabi),"고온 다습(5-10월 35-45도, 11월-4월 15-35도)","걸프연안, 사우디, 카타르, 오만과 접경","두바이(Dubai), 알아인(Al Ain), 샤르자(Sharjah)","이슬람교(수니파 85%, 시아파 15%)","아랍족, 외국인(아시아계, 이란계)","신 문 아랍어 : Al Ittihad, Al Khaleej, Al Wahda, Al Fajr, Al Bayan 영 어 : The National, Khaleej Times, Emirates News, Gulf News T V Abu Dhabi TV, Dubai TV 라디오 Abu Dhabi, Dubai Umm Al Quwain, Ras Al Khaima",71020,('19) World Bank (최근 수정일 : 2020.12.16.),한반도 면적의 약 37%,"아랍어 , 영어 통용",2020
아루바,AW,Oranjestad,,베네수엘라 북부 카리브해,,,"아루바인 66%, 콜롬비아인 9.1%, 네덜란드인 4.3%, 도미니카인 4.1%, 베네수엘라인 3.2% 등",,180,('19) World Bank (최근 수정일 : 2020.12.16.),,,2020
아르메니아,AM,"예레반(Yerevan, 107만명)","대륙성, 아열대성(남부)","유럽 동부 남코카서스, 조지아, 아제르바이잔, 이란, 터키와 접경","규므리(Gyumri, 12만), 바나조르(Vanadzor, 8만)",아르메니아 사도교회,"아르메니아인(98.1%), 야지디인(1.2%), 러시아인(0.4%), 기타(0.3%)",,28470,('19) World Bank (최근 수정일 : 2020.12.16.),한반도의 13.5%,"아르메니아어 , 러시아어 통용",2020
아르헨티나,AR,"부에노스아이레스(Buenos Aires, 377만명)","아열대(북부), 온대(중부), 한대(남부)",대서양연안 남미대륙의 최남단,"코르도바(Córdoba), 로사리오(Rosario), 마르델플라타(Mar del Plata), 멘도사(Mendoza)","가톨릭(92%), 개신교(2%), 유대교(2%), 기타(4%)","유럽계 및 메스티소(97%, 대부분 이태리, 스페인계), 원주민계(2%)",,2736690,('19) World Bank (최근 수정일 : 2020.12.16.),한반도의 12.5배,,2020
아이슬란드,IS,"레이캬빅(Reykjavik, 21만명)","여름 평균 10℃, 겨울 평균 -0.5℃","북유럽, 북대서양의 섬","코파보규르(Kopavogur, 3만6천), 호르나피요듀르 (Hornafjördur, 2만7천), 아큐레이리(Akureyri, 1만8천)","루터교(81%), 레이캬비크자유교회(2.1%), 카톨릭(2%)","아이슬란드인(93%), 이민자(7%)","신 문 Frèttablađiđ (7만부), Morgunblađiđ (2만부) T V 국영방송 1개(RVV), 민영방송 7개 라디오 국영방송 1개, 민영방송 4개",100250,('19) World Bank (최근 수정일 : 2020.12.16.),한반도의 1/2,,2020
아이티,HT,"포르토 프랭스(Port-au-Prince, 214만명)",열대성기후(연평균 26.6℃),카리브해,"캅 아티안(Cap-Haitian), 고나이베(Gonaives)","가톨릭(54.7%), 개신교(28.5%)","흑인(95%), 물라토 및 백인(5%)","신 문 I＇union, Le Nouvellist T V 방송국 2개, 캐이블 방송 1개 라디오 AM 31, FM 26",27560,('19) World Bank (최근 수정일 : 2020.12.16.),한반도의 1/8배,"프랑스어 공용, 크레올어 ",2020
아일랜드,IE,"더블린(Dublin, 120만명)",온대해양성 기후,영국 서부,"코오크(Cork), 리머릭(Limerick), 골웨이(Galway)","가톨릭(88%), 개신교(4%)",켈트인,"신 문 The Irish Times (12만부), Irish Independent (17만부) T V Radio Telefis Eireann 라디오 Radio Telefis Eireann",68890,('19) World Bank (최근 수정일 : 2020.12.16.),한반도의 약 1/3,,2020
아제르바이잔,AZ,"바쿠(Baku, 226만명)","건조(중서부), 아열대(남부), 대륙성(북부)","유럽 동부 남코카서스 카스피해 서부 연안, 러시아, 이란, 터키, 아르메니아, 조지아와 접경","간자(Ganja, 33만), 숨가이트(Sumgait, 34만)","이슬람교 96%(시아파 85%, 수니파 15%), 러시아정교(2.5%) 등","아제르바이잔인 92%, 레즈기인 2%, 러시아인 1.3%",,82670,('19) World Bank (최근 수정일 : 2020.12.16.),한반도의 40%,"아제르바이잔어 , 러시아어 통용",2020
아프가니스탄,AF,"카불(Kabul, 464만)",온대 몬순기후이나 연중 건조하고 기온의 연교차 극심,"중앙아시아 남부, 인도대륙 북서쪽","헤라트(Herat), 칸다하르(Kandahar), 잘랄라바드(Jalalabad), 마자리샤리프(Mazar-i-Sharif)","이슬람교(수니파 80%, 시아파 19%)","파슈툰(42%), 타지크(27%), 하자라(9%), 우즈벡(9%) 등",,652860,('19) World Bank (최근 수정일 : 2020.12.16.),한반도의 3배,"다리어 50%, 파슈토어 35%, 투르크어 11%",2020
안도라,AD,"안도라 라 벨랴(Andorra la Vella, 2.3만명(＇18))","겨울은 춥고 눈이 많이 오며, 여름은 온화하고 건조","유럽 서남부, 스페인과 프랑스 사이에 위치",,가톨릭 (99%),"안도라인(48.8%), 스페인인(25.1%), 포르투갈인(12%), 프랑스인(4.4%) 등",,470,('19) World Bank (최근 수정일 : 2020.12.16.),서울시 면적의 3/4,"카탈루냐어 공용어, 불어 , 스페인어 , 포르투갈어 ",2020
알바니아,AL,"티라나(Tirana, 48만명)(＇18)",지중해성기후,유럽 동남부 발칸반도 서북부,,"이슬람교(56.7%), 로마가톨릭(10%), 동방정교(6.8%)","알바니아계(95%), 그리스계(3%), 기타(2%)",,27400,('19) World Bank (최근 수정일 : 2020.12.16.),한반도의 1/8,,2020
알제리,DZ,알제(Alger),"지중해성 기후(북부), 사막성 기후(남부)",북부아프리카 지중해연안,"오랑(Oran), 콘스탄틴(Constantine), 아나바(Annaba)",회교(수니파),"아랍인(81%), 베르베르인(19%)","신 문 El moujahid, Liberte, El Watan, Echorouk, El Khabar, El Massa 등 T V ENTV 라디오 Radio Algerienne 통신사 APS, AAI",2381740,('19) World Bank (최근 수정일 : 2020.12.16.),한반도의 10배,"아랍어 , 베르베르어 공용, 불어 상용",2020
앙골라,AO,"루안다(Luanda, 551만명)",열대성 기후,"아프리카 남서부 대서양 연안, 콩고민주공화국, 콩고공화국, 나미비아, 잠비아와 접경","Huambo, Lobito, Lubango","카톨릭(55%), 토속종교(25%), 개신교(10%), 무교(10%), 이슬람교(0.4%), 유태교(0.2%)","오빙분두(37%), 킴분두(25%), 기타 아프리카(22%), 바콩고(13%), 혼혈(2%), 백인(1%), 중국(1%)","신 문 Diario de Republica, Journal de Angola T V Televisão Popular de Angola(TPA1, TPA2) 라디오 Rádio Nacional de Angola",1246700,('19) World Bank (최근 수정일 : 2020.12.16.),한반도의 5.6배,포르투갈어 공용,2020
앤티가바부다,AG,"세인트 존스(St. John＇s, 27,000명)","열대 해양성 기후, 연중 강우량: 1,090~1,140mm","동부 카리브해(카리브해 소안틸레스군도의 Leeward군도 북쪽, 푸에르토리코에서 400㎞ 동남쪽)",코드링톤(Codrington),"성공회, 기독교, 카톨릭 등","흑인(87.3%), 혼혈인(4.7%), 백인(1.6%), 기타","신 문 The Outlet, The Worker＇s Voice 등 라디오 AM 4, FM 2",440,('19) World Bank (최근 수정일 : 2020.12.16.),"한반도의 1/650배, Antigua 282㎢, Barbuda 161㎢","영어 공용어, 지방 방언 ",2020
앵귈라,AI,The Valley,열대성,"동부 카리브해와 대서양 사이, 푸에르토리코 동쪽",,,"흑인 85.3%, 히스패닉 4.9%, 혼혈 3.8%, 백인 3.2%, 그 외 1.6%",,91,,,,2020
에리트레아,ER,아스마라(Asmara),"건조기후, 열대기후, 고산기후",에티오피아 북부 홍해연안,"아사브(Assab), 마사와(Massawa)","가톨릭, 개신교, 콥트교, 이슬람(수니만 인정) 등","Tigrinya족, Tigre족, Saho족 등",,101000,('18) World Bank (최근 수정일 : 2020.12.16.),한반도의 1/2,"티그리냐어 , 아랍어 ",2020
에스와티니,SZ,Mbabane (7.6만명)(＇18),"서부-온난 다습, 중부-아열대 건조","남부아프리카, 남아공 및 모잠비크와 접경",Manzini(1.4만명),"기독교(60%), 토착신앙(40%)","Swazi(90%), 기타 Zulu, Tonga 등","신 문 The Times of Swaziland(일간지, 영어), The Swazi Observer(일간지, 영어) T V Swaziland Television and Broadcasting Corporation 라디오 Swaziland Broadcasting & Information Service",17200,('19) World Bank (최근 수정일 : 2020.12.16.),한반도의 1/12,"영어 공용어, Siswati어 공용어",2020
에스토니아,EE,"탈린(Tallinn, 44만명)",해양성 및 대륙성기후,발트해 동부,"따르뚜(Tartu), 나르바(Narva), 코트라 야르브(Kohtla Jarve)","루터교, 러시아정교 등","에스토니아인(69%), 러시아인(25%) 등","신 문 Eesti Päevaleht(9.2만), SL Ohtuleht(6.7만부), Postimess(6.2만부) T V Estonian Telegraph Agency 라디오 Estonian National Radio",43470,('19) World Bank (최근 수정일 : 2020.12.16.),한반도의 1/5,"에스토니아어 공용어, 러시아어 전체 인구의 약 30%가 모국어 수준으로 구사",2020
에콰도르,EC,"키토(Quito, 185만명, 고도 2,850m)","해안과 대륙 저지대는 고온다습, 고산지역은 온대성 기후",남미대륙 북서부 태평양연안 적도상에 위치,"과야킬(Guayaquil), 쿠엔카(Cuenca)","가톨릭(74%), 개신교(12%)","메스티소(71.9%), 인디오계(7%), 흑인계(7.2%), 유럽계(6.1%), 기타(7.8%)",,248360,('19) World Bank (최근 수정일 : 2020.12.16.),한반도의 1.3배,,2020
에티오피아,ET,아디스아바바(Addis Ababa),"고지대-연중쾌적, 저지대-고온다습",아프리카 동북부 홍해연안,"디레 다와(Dire Dawa), 곤다르(Gondar)","에티오피아 정교(43.5%), 이슬람교(34%)","오로모(33.8%), 암하라(29.3%), 티그레이(5.9%) 등 80여개 부족","신 문 아디스 지멘(Addis Zemen, 현지어신문) 에티오피안 헤랄드(Ethiopian Herald, 영자신문) T V Ethiopian T.V. 라디오 Ethiopian Radio, Fana Radio",1000000,('19) World Bank (최근 수정일 : 2020.12.16.),한반도의 5배,"암하라어 공용, 영어 ",2020
엘살바도르,SV,"산살바도르(San Salvador, 200만명)","온난기후, 연평균 17~23℃",중미,"산타 안나(Santa Ana), 산 미겔(San Miguel)","가톨릭 60%, 개신교 35%, 기타 5%","메스티조(86%), 백인(13%), 인디헤나(0.2%)","신 문 La Prensa Grafica, El Diario de Hoy T V 채널 2,4,6,8,10 라디오 YSKL, YSU 등 약 80개",20720,('19) World Bank (최근 수정일 : 2020.12.16.),한반도의 1/10배,스페인어 ,2020
영국,GB,런던(London),온대해양성 기후,유럽 대륙 서쪽 북대서양,"버밍엄(Birmingham), 리즈(Leeds), 글라스고우(Glasgow), 에딘버러(Edinburgh), 벨파스트(Belfast)","기독교(59.3%),이슬람교(4.8%),힌두교(1.5%), 기타종교(2.1%), 무교(25.1%), 무응답(7.2%)","백인, 아시아계, 흑인","신 문 The Sun(167만부), Daily Mail(151만부) Daily Mirror(72만부), The Daily Telegraph (47만부), The Times(45만부), Financial Times(18만부), The Guardian(16만부) (＇17. 1월, ABC) T V BBC, ITV, Channel 4 라디오 BBC, ILR, Capital Radio",241930,('19) World Bank (최근 수정일 : 2020.12.16.),한반도의 1.1배,,2020
영국령 남극지역,AQ,,극지 기후,남위 60도선 남쪽 지역과 서경 20도에서 80도 사이,,,,,,,,,2020
영국령 버진 아일랜드,VG,Road Town,"아열대성, 온화","동부 카리브해, 36여개 섬으로 구성",,,"흑인(76.3%), 백인 및 아시아계(소수)",,150,('19) World Bank (최근 수정일 : 2020.12.16.),,,2020
영국령 인도양 제도,IO,,열대 해양성,인도 남쪽 아프리카와 인도네시아 사이 인도양,,,,,60,,,,2020
예멘,YE,사나(Sana＇a),"해안저지(고온다습), 고원산악지대(온화 건조)",아라비아반도 서남안 홍해입구,"아덴(Aden), 호데이다(Hodeidha), 타이즈(Taiz), 무칼라(Mukalla)","이슬람교(순니파 65%, 시아파 35%)",아랍인(에티오피아계 및 유태계 소수혼재),"신 문 Yemen Times(주간, 영어), Al-SABA 국영통신(아랍어, 영어) TV·라디오 Yemen Radio & TV Co. (Sana＇a, Aden)",527970,('19) World Bank (최근 수정일 : 2020.12.16.),한반도의 2.4배,아랍어 ,2020
오만,OM,무스카트(Muscat),"사막성기후, 5-10월 고온건조(최고 49℃)",아라비아반도 동남단,"살랄라(Salalah), 수르(Sur), 니즈와(Nizwa), 소하르(Sohar)",이슬람교 (이바디파),아랍족(Arab),"신 문 아랍어 Oman(공영), Al-Watan, Al-Shabiba, Al-Roya 영 어 Observer(공영), Times of Oman Oman Tribune, Muscat Daily T V 오만 국영텔레비젼 라디오 오만 국영라디오",309500,('19) World Bank (최근 수정일 : 2020.12.16.),한반도의 1.4배,"아랍어 , 영어 통용",2020
오스트리아,AT,"빈(Wien, Vienna, 약183만명)",연평균 7~9℃,유럽 중부 내륙국,"그라츠(Graz), 린츠(Linz), 잘츠부르크(Salzburg), 인스부르크(Innsbruck)","가톨릭(64%), 이슬람교(8%), 개신교(5%)","오스트리아계(73%), 슬라브계(8.2%), 터키계(2.5%), 독일계(2.3%)",,82522,('19) World Bank (최근 수정일 : 2020.12.16.),한반도의 2/5,,2020
온두라스,HN,"테구시갈파(Tegucigalpa, 165만명)","해안평원은 고온다습(31℃), 대륙고지는 온난(23℃)",중미,"산 페드로 술라(San Pedro Sula), 라 세이바(La Ceiba)","카톨릭(85%), 개신교(10%), 기타(5%)","메스티조(90%), 인디오(7%), 흑인(2%), 백인(1%)","신 문 La Prensa(6만부), El Heraldo(4만부), La Tribuna (6만부) T V 채널 3,5,6,7(민영) 등 10개국 라디오 Honduras 등 295개국",111890,('19) World Bank (최근 수정일 : 2020.12.16.),한반도의 1/2배,스페인어 ,2020
왈리스·퓌튀나,WF,Wallis섬의 Mata Utu,열대성 폭우와 태풍의 계절이 있음,남태평양 사모아 서부해상,,가톨릭,대부분 폴리네시아인,,142,,,,2020
요르단,JO,"암만(Amman, 400만명)","반건조성 지중해성 기후(하계 : 덥고 건조, 동계 : 춥고 다습), 1월(섭씨 4-12℃), 8월(섭씨 18-32℃)","이스라엘, 시리아, 이라크, 사우디아라비아와 접경","자르카(Zarka, 140만명), 이르비드(Irbid, 182만명)","이슬람(92%, 순니파), 기독교(6%)","아랍족(베드윈 및 팔레스타인 98%), 아르메니아인 1%, 체르케스인 1%","신 문 AL-RAI, AL-GHAD, AD-DUSTOUR(일간지), JORDAN TIMES(영자일간지) TV･라디오 요르단 라디오&TV공사(JRTV), JORDAN NEWS AGENCY-PETRA(국영통신사)",88780,('19) World Bank (최근 수정일 : 2020.12.16.),한국 국토면적과 비슷,"아랍어 , 영어 통용",2020
우간다,UG,캄팔라(Kampala,"고온 열대기후 연평균 20~22℃, 우기 3~5월 및 10~11월","동부아프리카, 케냐, 탄자니아, 남수단, 콩고민주공화국 및 르완다와 접경","엔테베(Entebbe), 진자(Jinja), 마사카(Masaka), 마신디(Masindi), 구루(Gulu), 리라(Lira)","카톨릭(41.9%), 성공회(42%), 이슬람(12.1%)","Bantu(Baganda포함, 17%), Banyakole(9.5%), Basoga(8.4%), Bakiga(6.9%), Iteso(6.4%), Langi(6.1%), Acholi(4.7%) 등","신 문 뉴비전(New Vision), 데일리 모니터(Daily Monitor), 옵저버(Observer) T V UBC(Uganda Broadcasting Corporation), N-TV 라디오 Simba, CBS 등 다수",200520,('19) World Bank (최근 수정일 : 2020.12.16.),한반도의 1.1배,"영어 공용어, Luganda , Swahili ",2020
우루과이,UY,"몬테비데오(Montevideo, 174만명)","연평균기온 17℃로 온난(겨울평균 12.6℃, 여름평균 23℃)","남미대륙 동쪽연안, 브라질 및 아르헨티나와 접경","푼타델에스테(Punta del Este), 파이산두(Paysandu), 살토(Salto), 카넬로네스(Canelones)","가톨릭(47%), 개신교(11%), 유대교(0.3%), 기타(1%)","백인(88%, 주로 스페인․이태리계), 메스티소(8%), 흑인(4%), 원주민계(사실상 0%)","신 문 El País, La República, El Observador 등 T V 몬테비데오 지역 5개국(Canal 4, 5, 10, 12, 공영방송) 라디오 몬테비데오 지역 42개국, 전국 278개국",175020,('19) World Bank (최근 수정일 : 2020.12.16.),한반도의 0.8배,,2020
우즈베키스탄,UZ,"타슈켄트(Tashkent, 246만명)",고온건조한 사막성 기후,중앙아시아,"사마르칸트(Samarkant, 80만명)","이슬람교 88%(수니파 70%), 러시아 정교 9%, 기타 3%","우즈벡인(81%), 러시아인(5.5%), 타직인(5%), 카자흐인(3%), 카라칼팍인(2.5%), 고려인(0.6%)",,425400,('19) World Bank (최근 수정일 : 2020.12.16.),,"우스베키스탄어 공식국어, 러시아어 통용어",2020
우크라이나,UA,"키예프(Kiev, 293만명)",대륙성 기후,"동부유럽 위치, 흑해, 폴란드, 루마니아, 몰도바, 러시아와 접경","하리코프(Kharikov), 드네프로페트롭스크(Dnepropetrovsk), 오데사(Odessa), 도네츠크(Donetsk)","우크라이나정교(67%), 가톨릭(12%), 개신교(2.5%) 등","우크라이나계(78%), 러시아계(17%), 기타(5%)",,579290,('19) World Bank (최근 수정일 : 2020.12.16.),,"우크라이나어 , 러시아어 상용",2020
이라크,IQ,바그다드(Baghdad),사막성 건조기후,"아라비아반도 동북부, 아랍만북부","바스라(Basra), 모술(Mosul), 키르쿠크(Kirkuk), 술레마니아(Sulaimaniya)","이슬람교(순니 32-37%, 시아 60-65%), 기독교(3%)","아랍인(75-80%), 쿠르드족(15-20%), 기타(5%)","많은 언론사들이 지역･종파･정파와 연결되어 있음. ∙ 70%이상이 위성방송을 사용함에 따라, 이라크방송 뿐만아니라 Al-Arabiya, Al-Jazeera 등 아랍권 방송 시청 가능 ∙ 영국 BBC, 프랑스 Radio Monte Carlo, 미국이 지원하는 Radio Sawa and Radio Free Iraq도 이라크를 대상으로 방송중",434128,('19) World Bank (최근 수정일 : 2020.12.16.),한반도의 약 2배,"아랍어 공용어, 쿠르드어 북부지역",2020
이란,IR,테헤란(Tehran),"고온건조, 대륙성기후","서남아, 러시아, 아프가니스탄, 파키스탄, 이라크 및 터키와 인접","이스파한(Isfahan), 마샤드(Mashed), 타브리즈(Tabriz), 시라즈(Shiraz)","이슬람교(98%) * 시아파 94%, 순니파 4%","페르시아인(61%), 아제르바이잔인 (16%), 쿠르드인(10%)","신 문 (이란어) Hamshahri, Iran, Jaam-eJam, Shargh (영 어) Tehran Times, Iran Daily, Iran News, Kayhan International T V the Islamic Republic of Iran Broadcasting (국영 IRIB) 라디오 IRNA",1628760,('19) World Bank (최근 수정일 : 2020.12.16.),한반도의 7.5배,페르시아어 공용어,2020
이스라엘,IL,"예루살렘(JERUSALEM) ※ 예루살렘 지위문제에 논란이 있으며, 미국과 과테말라 대사관은 예루살렘에 소재. 그 외 각국 대사관은 텔아비브 및 인근 도시에 소재",지중해성 기후,"이집트, 요르단, 시리아, 레바논과 접경","텔아비브(Tel Aviv), 하이파(Haifa), 베르쉐바(Beersheva)","유태교(74.8%), 이슬람교(17.6%), 기독교(2.0%), 드루즈(1.6%), 기타(4%)","유태인(74.2%), 아랍계(20.9%), 기타(4.9%)","신 문 Yedioth Aharnoth (히브리어, 60만부), Maariv(9만부), Israel HaYom (30만부), Haaretz(5만부), Jerusalem Post(영어, 3만부), Globes(2.5만부) TV·라디오 Israel Broadcasting Authority",21640,('19) World Bank (최근 수정일 : 2020.12.16.),"가자지구 및 1967년 전쟁이후 점령지 제외, 한반도의 1/10","히브리어 공용어, 아랍어 공용어, 영어 ",2020
이집트,EG,"카이로(Cairo, 960만명)",아열대성 사막기후,동북 아프리카 지중해 연안,"알렉산드리아(Alexandria), 아스완(Aswan), 이스마일리아(Ismailiya), 포트사이드(Port Said)","순니파 이슬람(90%), 기독교(10%)","이집트인(99.6%), 모로코, 리비아, 누비안 터키계 민족 (0.4%)","신 문 알 아흐람(Al Ahram, 35만부) 알 아크바르(Al Akhbar, 20만부) 알 곰후리아(Al Gomhoria, 20만부) T V 전국 방송 2개 채널 등 TV 209개 채널, 라디오 94개 채널 라디오 AM 39개 채널, FM 6개 채널",995450,('19) World Bank (최근 수정일 : 2020.12.16.),"한반도의 5배, 전국토 95% 사막",아랍어 공식어,2020
이탈리아,IT,"로마(Rome, 287만명)",지중해성기후,유럽남부 이탈리아 반도,"밀라노(Milano), 나폴리(Napoli), 토리노(Torino), 피렌체(Firenze), 베네치아(Venezia)","가톨릭(85.7%), 정교회(2.2%), 이슬람(2%), 개신교(1.2%)",이탈리아인이 대부분,"신 문 Il Corriere della Sera(34만부), La Stampa(18만부), La Repubblica(27만부), Il Messaggero(12만부) 등 T V RAI-TV (공영방송) 및 민영 지방 TV 라디오 RAI",294140,('19) World Bank (최근 수정일 : 2020.12.16.),한반도의 1.5배,,2020
인도,IN,뉴델리(New Delhi),대체로 열대몬순 기후,"서남아, 아라비아해와 벵골만 사이","콜카타(Kolkata), 뭄바이(Mumbai), 첸나이(Chennai)","힌두교(80.5%), 이슬람교(13.4%), 기독교, 시크교, 불교, 자이나교","인도아리안 72%, 드라비디안 25%, 기타 3%","신 문 Times of India, The Hindustan Times, The Hindu, Indian Express(Economic Times, The Statesman) T V Doordarshan(국영), Zee Network, Star India, Set Max India 등 라디오 All India Radio(국영), 98.3 Radio Mirchi",2973190,('19) World Bank (최근 수정일 : 2020.12.16.),한반도의 15배,"힌두어 , 영어 ",2020
인도네시아,ID,"자카르타(Jakarta, 약 1천만 명)","열대성 몬순기후, 고온다습",동남아 말레이제도,"발리, 파푸아","이슬람(87%), 개신교(7%), 천주교(3%), 힌두교(2%), 불교(1%)","자바족(45%), 순다족(13.6%) 등 300여 종족","신 문 Kompas, Media Indonesia, Koran Sindo, Jakarta Post(영자지) 등 T V 공영 TVRI(Televisi Republik Indonesia), 민영 RCTI, SCTV, MNC TV, Trans TV 등 10개 전국단위 공중파와 다수 케이블 지역방송 라디오 RRI(Radio Republik Indonesia) 외 약 850개 채널",1811570,('19) World Bank (최근 수정일 : 2020.12.16.),한반도의 9배,,2020
일본,JP,"도쿄(Tokyo, 1,382만명, ＇18월 10월 도쿄도)",해양성의 온화한 기후,동북아시아,"교토(Kyoto), 나고야(Nagoya), 니가타(Niigata), 삿포로(Sapporo), 센다이(Sendai), 오사카(Osaka), 요코하마(Yokohama), 후쿠오카(Fukuoka)","神道(Shintoism), 불교, 기독교",일본족,"신 문 요미우리(讀賣), 아사히(朝日), 마이니치(每日), 니혼게이자이(日本經濟), 산케이(産業) 등 T V NHK, TBS, N-TV, TV-Asahi, Fuji-TV, TV-Tokyo 통 신 교도(共同), 지지(時事)",364560,('19) World Bank (최근 수정일 : 2020.12.16.),한반도의 1.7배,,2020
자메이카,JM,킹스톤(Kingston),해양성 열대기후,중부 카리브해,몬테고 베이(Montego Bay),"신교 62.5%, 카톨릭 2.6%, 기타 14.2%","흑인계 91%, 혼혈 6.2%, 기타(백인계, 인도계, 중국계 등 2.6%)","신 문 Daily Gleaner(4만), Star(4만) T V JBC-TV 라디오 JBC, RJR",10830,('19) World Bank (최근 수정일 : 2020.12.16.),한반도의 1/20배,"영어 , Patois 현지 방언",2020
잠비아,ZM,"루사카(Lusaka, 217만명)(＇15)",아열대 기후(연평균 15-37℃),"아프리카 중남부 내륙국, 콩고민주공화국, 앙골라, 탄자니아, 말라위, 모잠비크, 짐바브웨, 나미비아 등과 접경","Kitwe, Ndola","기독교(75%), 이슬람교, 토착신앙",반투족(95%),"신 문 Zambia Daily Mail, Times of Zambia, The Post 방 송 Zambia National Broadcasting Corporation",743390,('19) World Bank (최근 수정일 : 2020.12.16.),한반도의 3.4배,영어 공용어,2020
저지,JE,Saint Helier,"쾌적한 편, 여름철에는 춥고 겨울철에는 온화",프랑스 북서쪽 채널제도,,,"저지인(46.4%), 영국인(32.7%), 포르투갈인(8.2%), 폴란드인, 아일랜드인, 프랑스인 등",,116,,,,2020
적도기니,GQ,"말라보(Malabo, 14만 5천명)(＇14)","고온 다우의 열대성 적도기후, 연평균 27℃",아프리카 중서부 대서양연안,"바타(Bata), 몽고모(Mongomo)","카톨릭(94%), 회교, 기독교, 토착종교","Fang, Bubi족 등","신 문 EBANO(발행 주기 일정하지 않음) T V TVGE(Television Guinea Ecuatorial), ASONGA 라디오 Radio ASONGA, Radio Malabo",28050,('19) World Bank (최근 수정일 : 2020.12.16.),한반도의 1/8,"스페인어 공용어, 불어 공용어, 포르투갈어 공용어, Fang어 ",2020
조지아,GE,"트빌리시(Tbilisi, 116만명)","아열대(서부), 대륙성(동부)","유럽 동부 남코카서스 흑해 동부 연안, 터키, 러시아, 아제르바이잔, 아르메니아와 접경","바투미(Batumi, 16만), 쿠타이시(Kutaisi, 15만)",조지아 정교,"조지아인(87%), 아제르인(6%), 아르메니아인(4.5%), 러시아인(2.5%) 등",,69490,('19) World Bank (최근 수정일 : 2020.12.16.),한반도의 30%,조지아어 ,2020
중국,CN,"베이징(北京, 2,154.2만명), ※ ＇18년 기준, 베이징시 통계국","열대, 아열대, 고온기후대, 난온대, 중온대, 한온대 등 지역에 따라 다양한 기후",동북아시아,"상하이(上海), 톈진(天津), 충칭(重慶), 광저우(廣州), 청두(成都), 칭다오(靑島), 선양(瀋陽), 시안(西安)","불교(18.2%), 기독교(1.5%), 이슬람교(1.8%) 등","한족(漢族, 91.5%) 및 55개 소수민족(8.5%)  : 조선족:183만여명(소수민족의 1.6%)","신문 1,890여종, 잡지 10,080여종 신 문 인민일보, 환구시보, 경제일보, 解放軍報, 중국청년보, China Daily 등 T V 중국 중앙TV방송국(CCTV), 중앙인민방송국 (CNR) 등 통 신 신화사, 중국신문사(중신사)",9388210,('19) World Bank (최근 수정일 : 2020.12.16.),"한반도의 44배, 남한의 97배",보통화 북경어에 기초,2020
중앙아프리카공화국,CF,방기(Bangui),"건기(12월~4월), 우기(5월~11월), 연평균 섭씨 26도(최고 37.5도, 최저 15.5도), 지역별 기후 다양(남부 : 열대우림, 중부 : 다우, 북부 : 건조)","아프리카 중부내륙, 차드, 수단, DR콩고, 콩고, 카메룬과 접경","보알리(Boali), 베르베라티(Berberati), 밤바리(Bambari)","기독교(25%), 카톨릭(25%), 회교(15%), 토속종교(35%)","Baya족(33%), Banda족(27%) 등",T V 국영TV방송 라디오 국영방송,622980,('19) World Bank (최근 수정일 : 2020.12.16.),한반도의 2.8배,"불어 공용어, Sangho 국어",2020
지부티,DJ,지부티(Djibouti),열대성 사막기후,"아프리카 동북단, 홍해연안","따주라(Tadjourah), 디킬(Dikhil), 오복(Obock)","이슬람교(국교), 기독교(소수)","소말리족(60%), 아파르족(35%)","신 문 Carrefour Africain(월 2회), Djibouti Aujourd＇hui(월간), La Nation de Djibouti, La Réveil de Djibouti T V RTD(Radiodiffusion-Télévision of Djibouti) 라디오 RTD",23180,('19) World Bank (최근 수정일 : 2020.12.16.),한반도의 1/10,"불어 , 아랍어 ",2020
지브롤터,GI,,지중해 기후 온화,서부 지중해 스페인반도 남단,,,"지브롤터인 79%, 스페인 2.1%, 영국 13.2%, 기타 1.6% (＇12년 추정치)",,10,('19) World Bank (최근 수정일 : 2020.12.16.),,,2020
짐바브웨,ZW,"하라레(Harare, 전 Salisbury, 150만명)",아열대기후,"아프리카 동남부 내륙국, 모잠비크, 잠비아, 보츠와나, 남아공과 접경","Bulawayo, Chitungwiza, Mutare, Gweru","기독교 계통(88%), 토착신앙(0.6%)","Shona족(74%), Ndebele족(20%) 등","신 문 The Herald, The Financial Gazette, The Standard, Daily News 방 송 Zimbabwe Broadcasting Corporation",386850,('19) World Bank (최근 수정일 : 2020.12.16.),한반도의 1.7배,"영어 공용어, 토착어 ",2020
차드,TD,"은자메나(N＇Djamena, 126만명)(＇15)",사하라성 고온건조,아프리카 중부내륙,"사르(Sarh), 문두(Moundou), 아베쉐(Abeche)","회교(51%), 기독교(35%),정령숭배(7%), 토속종교(7%)","Sara, Arab, Mayo-Kebbi족 등","신 문 알·와탄(Al-Watan) T V 주 12시간 방송(Tele-Chad) 라디오 국영방송 1개, 지방방송 2개",1259200,('19) World Bank (최근 수정일 : 2020.12.16.),한반도의 6배,"불어 , 아랍어 ",2020
체코,CZ,"프라하(Praha, 129만명)",대륙성기후와 해양성 기후의 중간 지대,"독일, 폴란드, 오스트리아, 슬로바키아에 둘러싸인 중부유럽의 내륙국","브르노(Brno), 오스트라바(Ostrava)","무교(34.5%), 가톨릭(10.4%), 개신교(1.1%), 기타(54%)","체코인(64.3%), 모라비아인(5%), 슬로바키아인(1.4%), 기타(1.8%) 등",,77220,('19) World Bank (최근 수정일 : 2020.12.16.),한반도의 약 1/3,,2020
칠레,CL,"산티아고(Santiago, 650만명)","아열대(북부), 온대(중부), 한냉(남부)",남미대륙의 태평양 연안,"발파라이소(Valparaíso), 콘셉시온(Concepción), 안토파가스타(Antofagasta), 이키케(Iquique), 푼타아레나스(Punta Arenas)","가톨릭(54%), 개신교(14%), 기타(6%), 유대교(1%), 무교(25%)","메스티소 및 백인계(89%), 원주민계(11%)","엘 메르쿠리오(El Mercurio), 라 테르세라(La Tercera) 등 10여개 신문사 및 국영TV, 가톨릭대학TV 등",743532,('19) World Bank (최근 수정일 : 2020.12.16.),한반도의 3.5배,,2020
카메룬,CM,"야운데(Yaounde, 307만명)(＇15)","남부 고온다습, 북부 고온건조","아프리카 중서부 대서양 연안, 나이지리아, 차드, 중앙아프리카, 적도기니 및 가봉과 접경","최대경제도시 : 두알라(Douala, 353만명)","천주교/기독교(70%), 회교(20%), 토속종교(7%)","Cameroon Highlanders, Bantu, Kirdis, Fulani족 등","신 문 카메룬트리뷴(Cameroon Tribune), Le Massager(The Messenger), Mutations, Le Jour, The Herald 등 T V ＇85.12.31 방영개시, 국영 라디오･TV방송국 (CRTV)과 2개의 민영방송(Candal 2, STV)",472710,('19) World Bank (최근 수정일 : 2020.12.16.),한반도의 2.2배,"영어 공용어, 불어 공용어",2020
카보베르데,CV,"프라이아(Praia, 14만5천명)","건조성 열대기후(건기 12월-6월, 우기 8월-10월)",북서부아프리카 대서양상의 10여개 도서,"밍델로(Mindelo), 아소마다(Assomada)",카톨릭(77%),"Creole(71%), 아프리카토착인(28%), 유럽인(1%)","신 문 Viaor Manuel Barbosa, Tribuna, Terra Nova T V 1개국 라디오 4개국",4030,('19) World Bank (최근 수정일 : 2020.12.16.),제주도의 2배,"포르투갈어 공용어, Creole어 ",2020
카자흐스탄,KZ,"누르술탄(Nur-Sultan, 106.8만명)(구 아스타나)",고온건조한 대륙성 기후,"중앙아시아, 남시베리아, 알타이","알마티(Almaty, 182.9만명), 쉼켄트(Shymkent, 98만명)","이슬람교(73%), 러시아 정교(20%), 개신교(2%), 기타(5%)","카자흐스탄인(67.5%), 러시아인(19.8%), 우즈베키스탄인(3.2%), 우크라이나인(1.5%), 위구르인(1.5%) 타타르인(1.1%), 독일인(1%), 기타(4.4%)",,2699700,('19) World Bank (최근 수정일 : 2020.12.16.),,"카자흐스탄어 , 러시아어 통용어",2020
카타르,QA,도하(Doha),전형적인 사막기후,아라비아반도 동쪽 걸프만의 작은 반도,"움사이드(Um-Said), 두칸(Dukhan), 알코르(Al-Khor)",이슬람교(대부분이 수니파),"아랍계40%, 인도계18%, 파키스탄계18%, 이란계10%, 기타14%","신 문 Al-Sharq(4.2만부), Al-Rayah(2.5만부), Gulf Times(2만부) 등 방 송 카타르 국영TV 및 라디오, 알 자지라(Al Jazeera) 등",11610,('19) World Bank (최근 수정일 : 2020.12.16.),경기도 크기,"아랍어 , 영어 통용",2020
캄보디아,KH,"프놈펜(Phnom Penh, 220만)","열대몬순, 고온다습",인도차이나 반도 동남부,"캄퐁참(Kampong Cham), 바탐방(Battambang), 시엠립(Siem Reap)","불교(95%), 기타(5%)","크메르족(97%), 소수민족(베트남, 중국, 참족, 고산족 등)",,176520,('19) World Bank (최근 수정일 : 2020.12.16.),한반도의 4/5,"크메르어 90% 이상, 불어 , 영어 , 중국어 ",2020
캐나다,CA,오타와(Ottawa),"대부분 한랭지역, 미국 국경에 접한 남부 지역(국경으로부 터 160km이내)은 온대",미주대륙 북부,"토론토(Toronto), 몬트리올(Montreal), 밴쿠버(Vancouver), 퀘벡시티(Quebec City), 캘거리(Calgary), 에드몬톤(Edmonton)","카톨릭 43.6%, 개신교 29.2% 등","영국계 21%, 불란서계 15.8%, 스코틀랜드계 15%, 아이리쉬계 13.9% 등 유럽계 백인 80% 내외, 여타 지역 유색인종 이민계가 20% 차지","신 문 Globe & Mail(전국지), National Post(전국지), Gazette Montreal(지방지), Toronto Star(지방지) - T V CBC, CTV, Global TV - 라디오 CBC, CKO",9093510,('19) World Bank (최근 수정일 : 2020.12.16.),한반도의 45배,"영어 56%(영/불어동시사용자 18%), 불어 21%(연방 공용어), 기타 5%(원주민어, 중국어 등)",2020
케냐,KE,"나이로비(Nairobi, 438만명)","고원지방 및 서부는 강우 풍부, 북부는 건조, 2-3월 기온최고, 7-8월 기온최저","아프리카 동부해안, 소말리아, 에티오피아, 남수단, 우간다, 탄자니아와 접경","몸바사(Mombasa, 121만명), 나쿠르(Nakuru), 키수무(Kisumu)","기독교(80%), 이슬람(10%), 기타(10%)","Kikuyu(22%), Luhya(14%), Luo(13%), Kalenjin(12%), Kamba(11%), Kisii(6%), Meru(6%) 등 약 42개 부족","신 문 Daily Nation, The Standard T V KBC-TV (국영) 라디오 KBC-Radio",569140,('19) World Bank (최근 수정일 : 2020.12.16.),한반도의 2.6배,"스와힐리어 통용어, 영어 공용어",2020
케이맨제도,KY,Grand Cayman 섬의 George Town,"열대성, 고온다습","카리브해상, 자메마이카 북서부, 3개의 큰 섬으로 구성",,,"혼혈(40%), 백인(20%), 흑인(20%), 기타 이주민(20%)",,240,('19) World Bank (최근 수정일 : 2020.12.16.),,,2020
코모로,KM,"모로니(Moroni, 56천명)(＇14)","열대해양성(9-4월 고온다습, 5-8월 저온건조)",서부인도양(모잠비크와 마다가스카르 사이),"폼보니(Fomboni), 무차무드(Mutsamu), 마차미울리(Mitsamiouli)","이슬람(수니98%), 카톨릭(2%)","Antalote, Cafre, Makoa, Oimatsaha, Sakalava",신 문 Agence Comoros Presse 라디오 Radio-Comoros,1861,('19) World Bank (최근 수정일 : 2020.12.16.),"Grande Comore, Moheli, Anjouan 3개의 섬으로 구성","불어 , 아랍어 , 코모로어 스와힐리어와 아랍어의 혼합",2020
코소보,XK,"프리슈티나(Priština, 57만명)",대륙성 기후,"남동유럽, 발칸반도 중남부",,"이슬람교(95%), 카톨릭(2.2%), 세르비아 정교(1.5%) 등","알바니아계(91%), 세르비아계(4%) 등",,10887,('19) World Bank (최근 수정일 : 2020.12.16.),한반도의 1/20,"알바니아어 공용어, 세르비아어 공용어",2020
코스타리카,CR,"산호세(San Jose, 수도권 258만명)","저지대는 온난다습(연평균 27℃), 고지대는 서늘(연평균 22℃)","카리브, 태평양, 니카라과, 파나마와 접경","알라후엘라(Alajuela), 에레디아(Heredia), 카르타고(Cartago)","가톨릭(76%), 개신교(14%)","백인/메스티소(84%), 물라토(7%), 원주민(2%), 흑인(1%)","신 문 La Nacion(11만), La Prensa Libre(5.7만), La Republica(6만) T V Canal 6,7,11,13 등 6개방송국 라디오 Radio Monumental, Radio Reloj, Columbia 등 53개소",51060,('19) World Bank (최근 수정일 : 2020.12.16.),한반도의 1/4배,스페인어 ,2020
코트디부아르,CI,"야무수크로(Yamoussoukro, 26만명)(＇14)","연평균 기온 27℃, 남부우림지대-적도기후, 북부건조초원 지대-열대기후","서부아프리카 대서양연안, 부르키나파소, 가나 등과 접경",경제중심 :아비장(Abidjan),"이슬람교(38%), 기독교(32%), 토착신앙(11%)","Akan(41.1%), Gur(13%), Krou(9.4%), Mande(8.4%)","신 문 Fraternite Matin, Ivoire dimanche, Ivoire Soire T V 국영 1개 라디오 상동",318000,('19) World Bank (최근 수정일 : 2020.12.16.),한반도의 1.4배,"불어 공용어, 종족어 ",2020
콜롬비아,CO,"보고타(Bogotá, 718만명)",열대지방이나 고도에 따라 기후 다양,"남미 북서부 위치, 베네수엘라, 브라질, 페루, 에콰도르, 파나마와 접경","메데인(Medellín), 칼리(Cali), 바란키야(Barranquilla)","가톨릭(79%), 기독교(13%), 무교(6%), 기타(2%)","메스티소(65%), 아프리카계(10.6%), 원주민(3%)","신 문 El Tiempo(Bogotá에서 발행), La República (Bogotá에서 발행), El Espectador(Bogata에서 발행), El Colombiano(Medellín에서 발행) T V RCN, Caracol, Radio City 라디오 Caracol S.A., Todelar, Radio Tequendama",1109500,('19) World Bank (최근 수정일 : 2020.12.16.),한반도의 5배,"스페인어 , 200여 토착 인디언어 ",2020
콩고공화국,CG,"브라자빌(Brazzaville, 230만명)(＇19)","열대 고온다습, 연평균 24도",아프리카 중서부 대서양을 면하여 소재,"뽀엥뜨 노와르(Pointe-Noire, 97만명), 우에쏘(Ouesso)","기독교(50%), 토착신앙(48%), 이슬람(2%)","Kongo(48%), Sanha(20%), Teke(17%), M＇Bochi(12%) 등","신 문 La Semaine Africaine(주2회, 4,000부), La Dépêches du Brazzarille(주간지, 3,000부) T V Television Nationale Congolaise (La Voix De La Revolution Congolaise) 라디오 Radio Nationale Congolaise",341500,('19) World Bank (최근 수정일 : 2020.12.16.),한반도의 1.5배,"불어 공용어, 토착어 링갈라, 키투바",2020
콩고민주공화국(DR콩고),CD,"킨샤사(Kinshasa, 1,374만명)(＇19)","열대 고온다습, 연평균 25.2도","아프리카 중부내륙(서부 대서양 연안 약 37km의 해안선 보유), 9개국과 접경","루붐바시(Lubumbashi, 238만명), 음부지마이(Mbuji-Mayi, 241만명), 카낭가(Kananga, 140만명), 키상가니(Kisangani, 121만명)(＇19)","카톨릭(50%),개신교(20%),킴반기스트(10%), 이슬람교(10%), 토착신앙(10%)","몽고족(Mongo), 룬다족(Lunda), 콩고족(Kongo), 피그미족(Pygmy) 등 450족","신 문 Le Potentiel(하루 약 5,000부 발행), L＇Observateur, UMOJA(50,000부, 일간지) T V Office Congolais de Radio-diffussion et de Television 라디오 Radio Okapi",2267050,('19) World Bank (최근 수정일 : 2020.12.16.),한반도의 11배,"토착어 링갈라, 스와힐리, 키콩고, 씰루바, 불어 공용어",2020
쿠바,CU,"아바나(La Habana, 214만명)",열대성기후로 건조(평균기온 25℃),플로리다주 남방 150㎞ 지점 카리브해,"산티아고 데 쿠바(Santiago de Cuba), 카마구에이(Camagüey)",카톨릭(85%),"백인 64.1%, 혼혈인(메스티소, 물라토) 26.6%, 흑인 9.3%","신 문 11개(Granma, Juventud Rebelde, Trabajadores, 5 de Septiembre 등) T V 방송국 8개(Cubavisión, Canal Havana, Tele Rebelde, Canal Educativo 등) 라디오 방송국 9개(CMQ, Radio Havana Cuba, Radio Rebelde 등)",104020,('19) World Bank (최근 수정일 : 2020.12.16.),한반도의 1/2배,스페인어 문맹율 2%,2020
쿠웨이트,KW,쿠웨이트시(Kuwait City),열대성 사막기후,"아라비아반도 동북단, 아라비아만 서북단","아흐마디(Ahmadi), 하왈리(Hawalli), 자흐라(Jahra)","이슬람교 76%(수니파 70%, 시아파 30%) 등",아랍인(80%),"신 문 아랍어 Al-Siyasah, Al-Rai-Al-Aam Al-Qabas, Al-Wattan 영 어 Kuwait Times, Arab Times T V Kuwait Television(관영 2개 채널, 1개는 영어) 라디오 Kuwait Radio(관영 AM 및 FM) 통신사 KUNA(쿠웨이트 국영통신사)",17820,('19) World Bank (최근 수정일 : 2020.12.16.),경상북도 크기,"아랍어 , 영어 통용",2020
쿡제도,CK,Avarua,"12~3월은 고온다습, 4~11월은 온화","남위 8ﾟ~23ﾟ, 서경 156ﾟ~167ﾟ",,"쿡제도기독교회56%, 카톨릭 17%, 제7안식일교 3.8%",폴리네시아인,,240,,,"영어 , 쿡제도 마오리어 ",2020
크로아티아,HR,"자그레브(Zagreb, 69만명)(＇18)",지중해성기후(북동부는 대륙성 기후),유럽 아드리아해 동부해안,"스플리트(Split), 오시엑(Osijek), 리예카(Rijeka), 두브로브닉(Dubrovnik)","가톨릭(86.3%), 세르비아정교(4.4%), 이슬람교(1.5%), 기타(7.8%)","크로아티아인 89.6%, 세르비아인 4.5%, 기타",,55960,('19) World Bank (최근 수정일 : 2020.12.16.),한반도의 1/4,"크로아티아어 공용어, 슬라브계 언어로 라틴문자 사용",2020
키르기즈,KG,"비슈케크(Bishkek, 99.6만명)","대륙성, 건조 기후",중앙아시아,"카라콜(Karakol), 잘랄 아바드(Jalal-Abad), 나린(Naryn), 오쉬(Osh), 탈라스(Talas)","이슬람교(80%), 러시아정교(15%), 개신교 등 기타(5%)","키르기스스탄인(73%), 우즈베키스탄인(15%), 러시아인(6%)",,191800,('19) World Bank (최근 수정일 : 2020.12.16.),,"키르기스스탄어 공식어, 러시아어 공용어",2020
키리바시,KI,타라와(Tarawa),열대(연평균 27℃),뉴질랜드 북방 적도상,,"기독교 96%, 바하이신앙 2%, 기타 2%","길버트제도인 97%, 기타 3%",신 문 Te Uekera(주간지) 라디오 Radio Kiribati,810,('19) World Bank (최근 수정일 : 2020.12.16.),한반도의 1/300,"영어 , 길버트어 키리바시어",2020
타이완,TW,타이베이(Taipei),"아열대성 해양기후(여름 33℃,겨울 13℃ 평균)",동북아시아,"가오슝(Kaohsiung), 타이중(Taichung), 타이난(Tainan), 지룽(Keelung)","불교, 기독교, 천주교, 도교","중국 대륙인 14%, 타이완인 84%, 원주민 2%","신 문 중국시보, 연합보, 자유시보 등 T V 타이완 TV, 중국 TV, 중화 TV 등 라디오 중국방송공사(BCC), 중앙방송공사(RTI), 경찰방송공사(PRS) 등 통 신 중앙통신사(CNA), 화교통신사(화교뉴스), 군사신문통신사(국방부 산하) 등",36000,,경상남북도 크기보다 약간큼 (남한의 1/3),"중국어 공용어, 민난어 대만 방언, 객가어 중국 남방지역 방언",2020
타지키스탄,TJ,"두샨베(Dushanbe, 87.3만명)",대륙성 기후,중앙아시아,,이슬람교 98%,"타지키스탄인(84%), 우즈베키스탄인(14%), 기타(2%)",,138790,('19) World Bank (최근 수정일 : 2020.12.16.),,"타지키스탄어 공식 국어, 러시아어 통용어",2020
탄자니아,TZ,도도마(Dodoma),"해안지역은 열대성, 고원지대는 아열대 기후 - 해안지대에 위치한 다레살람의 경우 가장 더운 시기 (12-2월)에 한낮기온이 34-36도까지 올라가며, 비교적 시원한시기(6-9월)에는 저녁 기온이 22-24도로 선선 (소우기 : 11-12월, 대우기 : 3-5월)","아프리카 남동부, 케냐, 우간다, 콩고민주공화국등과 접경","Dar es Salaam, Mwanza, Tanga, Arusha, Moshi","이슬람교(35%), 기독교(30%), 토속종교(35%)","수쿠마(Sukuma), 니야메지(Nyamewzi) 등 12개 부족","신 문 UHURU(스와힐리어), Daily News(영어), Guardia(영어), The Citizen(영어) 등 주간지 MZALENDO(스와힐리어), Sunday News(영어) 등 T V TV Zanzibar, ITV, ITV2, DTV 등 라디오 Radio Tanzania Dar es Salaam, Radio, Tanzania Zanzibar",885800,('19) World Bank (최근 수정일 : 2020.12.16.),한반도의 4.3배,"스와힐리어 , 영어 ",2020
태국,TH,방콕(Bangkok),고온다습한 열대성 기후,"중국 남쪽, 말레이 반도 상부","치앙마이(Chiang Mai), 콘캔(Khon Kaen), 송클라(Songkhla), 푸껫(Phuket)","불교(95%), 이슬람(4%), 기독교(1%)","타이족(85%), 화교(12%), 말레이(2%) 등","신 문 종합조간신문 10종, 경제전문신문 8종 등 T V 6개(지상파), 572개(케이블), 48개(디지털) 라디오 3,482개 주파수",510890,('19) World Bank (최근 수정일 : 2020.12.16.),한반도의 2.3배,"타이어 공용어, 중국 , 말레이어 ",2020
터크스·케이커스 제도,TC,Grand Turk섬의 Cockburn Town,열대 해양 기후로 덥고 건조,"바하마군도의 일부, 미국 플로리다주 남동부 해상",,,"흑인 87.6%, 백인 7.9%, 혼혈 2.5% 등 (＇06년)",,950,('19) World Bank (최근 수정일 : 2020.12.16.),,,2020
터키,TR,앙카라(Ankara),"해안지방은 지중해성 및 해양성 기후, 내륙지방은 대륙성 기후","아시아대륙 서부, 흑해 및 지중해 연안","이스탄불(Istanbul), 이즈밀(Izmir), 부르사(Bursa), 안탈리야(Antalya)","이슬람교(99%), 기독교, 유태교등 (헌법상 정교분리)","터키족, 쿠르드족, 아랍인 등",,769630,('19) World Bank (최근 수정일 : 2020.12.16.),한반도의 3.5배,,2020
토고,TG,"로메(Lomé, 157만명)","열대기후, 북부지방은 건조, 남부 고온다습, 평균기온 27℃","중서부아프리카 대서양연안, 가나, 베냉, 부르키나파소와 접경","Palime, Sokode, Atakpame","토착신앙(51%), 기독교(29%), 이슬람교(20%)","에웨(Ewe)족, 미나(Mina)족 등",신 문 La Nouvelle Marche(유일관영지) T V 관영텔레비젼 방송국 1개(＇73 방영개시) 라디오 관영방송국 2개,54390,('19) World Bank (최근 수정일 : 2020.12.16.),한반도의 1/4배,"불어 공용, Ewe어 , Kabré어 ",2020
통가,TO,"누쿠아로파(Nukualofa, 2.9만명)",열대(연평균기온 23.5℃),뉴질랜드 북방,,기독교(대부분 Wesleyan Church계),"통가인(폴리네시아계), 기타 유럽인 약간",Matangi Tonga 등,720,('19) World Bank (최근 수정일 : 2020.12.16.),한반도의 1/300,"영어 , 통가어 ",2020
투르크메니스탄,TM,"아시가바트(Ashgabat, 81만명)",대륙성 사막기후,"중앙아시아, 카스피해에 인접, 이란과 우즈베키스탄 사이에 위치","차류(Charjew), 다쉬하우즈(Dashhowuz), 구쉬기(Gushgy), 케르키(Kerki), 마리(Mary), 네비트닥(Nebitdag), 투르크멘바시(Turkmenbashi)","이슬람교(수니파89%), 동방정교(9%), 기타(2%)","투르크메니스탄인(77%), 우즈베키스탄인(9.2%), 러시아인(6.7%), 카자흐스탄인(2%), 기타(5%)",,469930,('19) World Bank (최근 수정일 : 2020.12.16.),,"투르크멘어 공식언어, 러시아어 통용어",2020
투발루,TV,"푸나푸티(Funafuti, 2,810명)",열대,뉴질랜드 북방 적도 부근,,"투발루 기독교회 97%, 바하이신앙 2%, 기타","투발루인(폴리네시아계) 96%, 기타 4%","신 문 Echoes(격주발행), Sikuleoo Tuvalu 라디오 Radio Tuvalu",30,('19) World Bank (최근 수정일 : 2020.12.16.),"한반도의 1/8,460","영어 , 투발루어 ",2020
튀니지,TN,튀니스(Tunis),"지중해성 기후(북부 및 지중해연안), 사막성 기후(남부)",북부 아프리카 중앙지중해 연안,"스팍스, 수스, 가베스, 비제르트",이슬람교(99%),"아랍인(98%), 베르베르인(1%)","신 문 La Presse, Le Renouveau, Le Temps, Le Quotidien, Akhbar Joumhouria, Al Chourouk Essabeh, Alhakika, Al Oula, Assabah 등 T V TV Nationale 1,2, Nesma TV, Hannibal TV 라디오 Radio Nationale, RTCI, Al Karama 등 통신사 TAP",155360,('19) World Bank (최근 수정일 : 2020.12.16.),한반도의 3/4,"아랍어 , 불어 통용",2020
트리니다드토바고,TT,포트 오브 스페인(Port of Spain),열대성,카리브해,"산 훼르난도(San Fernando), 아리마(Arima)","개신교 32%, 가톨릭 22%, 힌두교 18%, 회교 5%","흑인(34.2%), 혼혈(30%), 인도계(35.4%)","신 문 Trinidad Guardian(5.3만부), Evening News (2.6만부), T&T Express(6.3만부), Sunday Express(7.2만부), Sunday Guardian(8.4만부) T V TV6, NCCTV 라디오 국영방송 외 수개",5130,('19) World Bank (최근 수정일 : 2020.12.16.),"한반도의 약 1/43배, 제주도의 2배반 크기, 트리니다드섬 4,828, 토바고섬 300",영어 ,2020
파나마,PA,"파나마시티(Panama City, 118만명)","고온다습, 우기 4월 중순~12월 중순, 건기 12월 중순~4월 중순",중미,"콜론(Colon, 14만), 다빗(David, 8만), 초레라(Chorrera, 7만), 산티아고(Santiago, 5만)","가톨릭(84%), 개신교(15%)","메스티조 및 물라토(60%), 흑인(13%), 백인(11%), 인디언(10%), 중국계(5%)","일간지 La Prensa(4만-6만부),Critica(4만부), La Estrella de Panama(3만부), Panama America(1.5만부), El Siglo(1.5만부) T V 6개 방송국 라디오 약 128개 방송국",74340,('19) World Bank (최근 수정일 : 2020.12.16.),남한의 3/4배,스페인어 ,2020
파라과이,PY,"아순시온(Asunción, 322만명)",열대 및 아열대,남미대륙 중심부의 내륙국,"시우다드 델 에스테(Ciudad del Este), 엔카르나시온(Encarnación), 페드로 후안 카바예로(Pedro Juan Caballero)","가톨릭(90%), 개신교(7%)",메스티소(95%),"신 문 ABC Color, Ultima Hora, La Nación T V Red Guaraní(채널2), Telefuturo(채널4), SNT(채널9), RPC(채널13) 라디오 Radio Paraguay, Nanduti, 1° de Marzo",397300,('19) World Bank (최근 수정일 : 2020.12.16.),"한반도의 1.8배, 남한의 4배",,2020
파키스탄,PK,"이슬라마바드(Islamabad, 약 110만명)",지역에 따라 열대 또는 아열대 건조기후,서남아시아,"카라치(Karachi, 1,540만), 라호르(Lahore, 1,174만), 파이잘라바드(Faisalabad, 331만), 라왈핀디(Rawalpindi, 215만) (＇18, CIA Factbook)","이슬람교(공식, 96.4%, 수니파 85-90%, 시아파 10-15%), 힌두교, 기독교 등","펀자비(44.7%), 파슈툰(15.4%), 신디(14.1%) 등","신 문 Jang, Nawa-i-Waqt, The News, The Nation, Dawn 등 T V 국영 PTV(8개 채널), 민영방송(허용), 외국 위성 채널(69개) (2019, CIA Factbook) 라디오 국영 Pakistan Broadcasting Corporation(PBC)",770880,('19) World Bank (최근 수정일 : 2020.12.16.),,"영어 공식어, 우르드어 공식어, 펀잡어 39%, 신드어 15%, 파슈툰어 18%, 발로치어 3%",2020
파푸아뉴기니,PG,포트모르즈비(Port Moresby),고온다습한 열대성기후,남태평양상,"레(Lae), 마운트하겐(Mt. Hagen), 라바울(Rabaul), 마당(Madang), 고로카(Goroka), 킴베(Kimbe)","기독교 95%, 기타","파푸아인(멜라네시아계) 96%, 마이크로네시안 2%, 폴리네시안 1%, 중국 및 유럽계 등 1%","신 문 영 어 : Port-Courier(일간), The National(일간), The Times of PNG(주간) 피진어 : Wantok(주간) T V MTV(피지계) 라디오 NBC(국영방송 AM 및 FM 방송)",452860,('19) World Bank (최근 수정일 : 2020.12.16.),한반도의 2배,"영어 공용어, 톡피진어 Tok Pidgin, 히리모투어 Hiri Motu, 850여개 부족언어 ",2020
팔라우,PW,응게룰무드(Ngerulmud),"열대해양성기후, 고온다습 (23℃~30℃, 연평균 강우량 3,728㎜)",필리핀 동남쪽,,"가톨릭 45%, 개신교35%, 제7일안식교 7%, 토착종교 6%, 이슬람교 3%, 기타 4%","팔라우인(마이크로네시아계) 73%, 아시아인 22%(필리핀, 중국 등), 기타 5%(백인 등)",,460,('19) World Bank (최근 수정일 : 2020.12.16.),"한반도의 1/280, 343개 도서로 구성, 9개섬에만 주민 거주","영어 , 팔라우어 ",2020
팔레스타인,PS,라말라(Ramallah : 임시 행정수도) * 팔레스타인해방기구는 동예루살렘이 수도라고 주장,"지중해성 기후 (여름 고온건조, 겨울 저온다습)","아라비아반도 북부, 지중해 오른편에 위치",,"이슬람교(98%), 기독교(1.37%)",팔레스타인인,"통 신 Maan News Agency, Ramattan 신 문 Al Quds, Al-Ayyam, Al Hayat, Al Jadedah T V Ashams TV Palestine, Palestine Broadcasting Corporation 라디오 Voice of Palestine, Palestine FM",6020,('19) World Bank (최근 수정일 : 2020.12.16.),,"아랍어 , 영어 ",2020
페루,PE,"리마(Lima, 949만명)",열대 및 아열대 기후,남미 서안,"아레키파(Arequipa), 트루히요(Trujillo), 쿠스코(Cuzco), 이키토스(Iquitos)","가톨릭(76%), 개신교(14%)","원주민계(45%), 메스티소(37%), 백인계(15%), 흑인 및 동양인계(3%)","신 문 El Comercio, El Peruano, Correo, Gestión, La República, Expreso T V 7개 라디오 Radio Programas del Perú 등",1280000,('19) World Bank (최근 수정일 : 2020.12.16.),한반도의 6배,,2020
포르투갈,PT,리스본(Lisbon),"대서양, 지중해 및 대륙성기후의 혼합형","남유럽 이베리아 반도, 대서양 연안","포르뚜(Porto), 브라가(Braga), 꼬잉브라(Coimbra)","로마가톨릭(90%이상이나, 국교는 아님)","포르투갈계(97%), 기타(3%)","신 문 디아리우 드 노띠시아스(Diário de Notícias, 6만부) T V RTP 1,2 채널 라디오 RDP",91605,('19) World Bank (최근 수정일 : 2020.12.16.),한반도의 2/5,포르투갈어 로망스어계,2020
폴란드,PL,"바르샤바(Warszawa, 171만명)","대륙성 기후(동부), 해양성 기후(서부)","유럽중동부, 벨라루스, 우크라이나, 리투아니아, 러시아, 체코, 슬로바키아, 독일과 접경","크라코프(Kracow), 우츠(Lodz), 브로츠와프(Wroclaw), 포즈난(Poznan), 그단스크(Gdansk)","가톨릭(95%), 정교회, 개신교 등","폴란드인(96.9%), 실레지아인, 독일인, 우크라이나인, 유태인 등",,306190,('19) World Bank (최근 수정일 : 2020.12.16.),한반도의 1.4배,,2020
프랑스,FR,"파리(Paris, 222만명)","대서양성 기후(북부), 지중해성 기후(남부), 대륙성 기후(동부)",서구 중앙부,"리용(Lyon), 마르세이유(Marseille), 릴(Lille), 보르도(Bordeaux)","가톨릭, 신교, 유대교, 이슬람교","골족(Gaul), 프랑크족(Frank) 등","신 문 Le Monde, Le Figaro, Liberation, Le Parisien 등 방 송 TF1, France 2, France 3, Arte, M6, Canal Plus 등 통 신 AFP 등",547556,('19) World Bank (최근 수정일 : 2020.12.16.),"속령 포함, 한반도의 3.1배",,2020
프랑스령 기아나,GF,Cayenne,"열대성, 무역풍","남미대륙 동북부해안, 브라질 및 수리남과 접경",,"가톨릭, 개신교","혼혈, 카리브인디안",,83846,,,,2020
프랑스령 폴리네시아,PF,Papeete,"열대성기후이나 평균기온은 25℃로서 온화한 편 (1‧2월 : 32℃까지 상승, 7‧8월 : 21℃까지 하강, 수도의 연평균 강우량 : 1,750㎜)","7ﾟ~26ﾟ, 서경 131ﾟ~156",,"기독교 60%이상(가톨릭이 1/3), 기타","폴리네시아인 78%, 중국인 12%, 프랑스인 10%",,3660,('19) World Bank (최근 수정일 : 2020.12.16.),118여개의 도서로 구성,,2020
피지,FJ,수바(Suva),열대 해양성기후,남태평양 호주 동북방,"난디(Nadi), 라우토카(Lautoka)","기독교 64%, 힌두교 28%, 이슬람교 6%, 기타 2%","피지 원주민 56.8%, 인도계피지인 37.5%, 기타 5.7% 등","신 문 Fiji Times, Fiji Sun, Daily Post T V Fiji TV 라디오 Radio Fiji",18270,('19) World Bank (최근 수정일 : 2020.12.16.),,"영어 공식어, 피지어 , 피지힌두어 , 로투만어 ",2020
핀란드,FI,"헬싱키(Helsinki, 64.8만명)(＇18, 핀란드 통계청)",북극온대성,"북유럽, 스칸디나비아반도 스웨덴과 러시아 사이","탐뻬레(Tampere), 투르쿠(Turku), 쿠오피오(Kuopio), 오울루(Oulu), 위바스킬라(Jyvaskyla)","루터교(69.8%), 그리스정교(1.1%)","핀란드인, 스웨덴인, 사미족 등","신 문 Helsingin Sanomat, Aamulehti, Turun Sanomat T V YLE 국영 TV 라디오 YLE 국영 라디오",303910,('19) World Bank (최근 수정일 : 2020.12.16.),한반도의 1.5배,"핀란드어 87.6%, 스웨덴어 5.2%",2020
필리핀,PH,"메트로마닐라(Metro Manila, 1,288만 명)",고온다습한 아열대성 기후,서태평양상 도서국가,"세부(Cebu), 바기오(Baguio), 다바오(Davao)","천주교(83%), 개신교(9%), 이슬람교(5%), 불교 및 기타(3%)",말레이계가 주인종이며 중국·미국·스페인계 혼혈 다수,"신 문 Manila Bulletin, Philippine Star, Philippine Daily Inquirer, Manila Standard Today, Manila Times 등 T V PTV 4, ABS-CBN, GMA7, TV5 등 라디오 AM 방송국 410여 개, FM 방송국 1천여 개",298170,('19) World Bank (최근 수정일 : 2020.12.16.),"한반도의 1.3배, 7,107개 도서로 구성","영어 , 타갈로그어 ",2020
핏케언 섬,PN,Adamstown,"열대성, 고온다습","오세아니아, 남태평양 페루와 뉴질랜드 사이",,,,,47,,,,2020
헝가리,HU,"부다페스트(Budapest, 174만명)",대륙성 기후,"유럽중동부, 오스트리아, 슬로베니아, 슬로바키아, 세르비아, 루마니아, 우크라이나, 크로아티아와 접경","미슈콜츠(Miskolc), 데브레첸(Debrecen), 세게드(Szeged), 페치(Pecs)","카톨릭(37.2%), 개신교(13.8%), 그리스정교(1.8%) 등","마자르인(85.6%), 루마니아(3.2%), 독일(1.9%), 기타(2.6%) 등",,90530,('19) World Bank (최근 수정일 : 2020.12.16.),한반도의 2/5,,2020
호주,AU,"캔버라(Canberra, 약 39만명)","서부 40% 및 북부의 80%가 열대성, 나머지 온대성기후",남태평양,"시드니(Sydney), 멜번(Melbourne), 퍼스(Perth), 브리스번(Brisbane), 아들레이드(Adelaide)","기독교 67%, 무종교 26% 기타 7%","앵글로색슨 80%, 아시아, 원주민(애보리진) 및 기타 20%",신 문 The Australian,7692020,('19) World Bank (최근 수정일 : 2020.12.16.),한반도의 35배,영어 ,2020
홍콩,HK,,아열대성기후(연평균 기온 섭씨 22~ 33도),"중국남동부 해안에 위치 - 중국 광주에서 약 144km, 마카오에서 약 64km",,,,,1050,('19) World Bank (최근 수정일 : 2020.12.16.),"(425 miles2) 홍콩섬 81, 구룡반도 47, 신계 및 도서 976 제곱키로미터","중국어(광동어), 영어",2020
